country,year,eci_ranking
afago,1964,89
afciv,1964,79
afcmr,1964,86
afcog,1964,80
afdza,1964,40
afegy,1964,48
afeth,1964,77
afgab,1964,90
afgha,1964,85
afgin,1964,72
afken,1964,83
afmar,1964,46
afmdg,1964,81
afmoz,1964,78
afmrt,1964,54
afnga,1964,93
afsdn,1964,91
afsen,1964,62
aftgo,1964,84
aftun,1964,52
aftza,1964,92
afzaf,1964,51
afzmb,1964,61
aschn,1964,26
ashkg,1964,15
asidn,1964,87
asind,1964,39
asirn,1964,63
asisr,1964,20
asjor,1964,30
asjpn,1964,5
askhm,1964,65
askor,1964,23
askwt,1964,64
aslbn,1964,41
aslka,1964,88
asmmr,1964,73
asmys,1964,67
asomn,1964,43
aspak,1964,55
asphl,1964,58
asqat,1964,29
assau,1964,60
assgp,1964,27
assyr,1964,66
astha,1964,76
astur,1964,71
asvnm,1964,59
eualb,1964,44
euaut,1964,6
eubel,1964,10
eubgr,1964,24
euche,1964,2
eudeu,1964,1
eudnk,1964,13
euesp,1964,25
eufin,1964,11
eufra,1964,8
eugbr,1964,4
eugrc,1964,38
euhun,1964,16
euirl,1964,19
euita,1964,7
eunld,1964,14
eunor,1964,12
eupol,1964,17
euprt,1964,18
eurou,1964,31
euswe,1964,3
nacan,1964,22
nacri,1964,36
nadom,1964,68
nagtm,1964,47
nahnd,1964,50
najam,1964,45
namex,1964,35
nanic,1964,70
napan,1964,21
naslv,1964,28
natto,1964,53
nausa,1964,9
ocaus,1964,34
ocnzl,1964,32
saarg,1964,49
sabol,1964,69
sabra,1964,75
sachl,1964,37
sacol,1964,57
saecu,1964,56
saper,1964,74
sapry,1964,82
saury,1964,33
saven,1964,42
afago,1965,88
afciv,1965,68
afcmr,1965,89
afcog,1965,76
afdza,1965,48
afegy,1965,49
afeth,1965,72
afgab,1965,92
afgha,1965,74
afgin,1965,85
afken,1965,79
afmar,1965,41
afmdg,1965,81
afmoz,1965,82
afmrt,1965,57
afnga,1965,94
afsdn,1965,93
afsen,1965,63
aftgo,1965,87
aftun,1965,50
aftza,1965,91
afzaf,1965,55
afzmb,1965,75
afzwe,1965,54
aschn,1965,26
ashkg,1965,15
asidn,1965,90
asind,1965,39
asirn,1965,64
asisr,1965,18
asjor,1965,30
asjpn,1965,6
askhm,1965,70
askor,1965,23
askwt,1965,77
aslbn,1965,36
aslka,1965,86
asmmr,1965,83
asmys,1965,71
asomn,1965,61
aspak,1965,46
asphl,1965,62
asqat,1965,44
assau,1965,65
assgp,1965,32
assyr,1965,56
astha,1965,80
astur,1965,66
asvnm,1965,60
eualb,1965,43
euaut,1965,3
eubel,1965,10
eubgr,1965,24
euche,1965,2
eudeu,1965,1
eudnk,1965,11
euesp,1965,25
eufin,1965,13
eufra,1965,9
eugbr,1965,5
eugrc,1965,35
euhun,1965,16
euirl,1965,20
euita,1965,7
eunld,1965,14
eunor,1965,12
eupol,1965,17
euprt,1965,19
eurou,1965,28
euswe,1965,4
nacan,1965,22
nacri,1965,27
nadom,1965,84
nagtm,1965,38
nahnd,1965,51
najam,1965,45
namex,1965,37
nanic,1965,52
napan,1965,21
naslv,1965,29
natto,1965,59
nausa,1965,8
ocaus,1965,34
ocnzl,1965,31
saarg,1965,42
sabol,1965,67
sabra,1965,78
sachl,1965,40
sacol,1965,47
saecu,1965,58
saper,1965,69
sapry,1965,73
saury,1965,33
saven,1965,53
afago,1966,87
afciv,1966,79
afcmr,1966,91
afcog,1966,81
afdza,1966,55
afegy,1966,44
afeth,1966,74
afgab,1966,93
afgha,1966,83
afgin,1966,89
afken,1966,71
afmar,1966,50
afmdg,1966,80
afmoz,1966,76
afmrt,1966,84
afnga,1966,94
afsdn,1966,88
afsen,1966,60
aftgo,1966,86
aftun,1966,45
aftza,1966,92
afzaf,1966,49
afzmb,1966,59
afzwe,1966,25
aschn,1966,28
ashkg,1966,15
asidn,1966,90
asind,1966,42
asirn,1966,68
asisr,1966,22
asjor,1966,29
asjpn,1966,6
askhm,1966,77
askor,1966,21
askwt,1966,73
aslbn,1966,37
aslka,1966,85
asmmr,1966,82
asmys,1966,65
asomn,1966,75
aspak,1966,56
asphl,1966,62
asqat,1966,58
assau,1966,70
assgp,1966,38
assyr,1966,48
astha,1966,78
astur,1966,67
asvnm,1966,53
eualb,1966,43
euaut,1966,4
eubel,1966,10
eubgr,1966,24
euche,1966,2
eudeu,1966,1
eudnk,1966,14
euesp,1966,26
eufin,1966,12
eufra,1966,9
eugbr,1966,5
eugrc,1966,35
euhun,1966,16
euirl,1966,18
euita,1966,7
eunld,1966,13
eunor,1966,11
eupol,1966,17
euprt,1966,20
eurou,1966,31
euswe,1966,3
nacan,1966,23
nacri,1966,27
nadom,1966,63
nagtm,1966,40
nahnd,1966,54
najam,1966,57
namex,1966,36
nanic,1966,47
napan,1966,19
naslv,1966,30
natto,1966,52
nausa,1966,8
ocaus,1966,34
ocnzl,1966,33
saarg,1966,46
sabol,1966,69
sabra,1966,72
sachl,1966,39
sacol,1966,41
saecu,1966,64
saper,1966,61
sapry,1966,66
saury,1966,32
saven,1966,51
afago,1967,84
afciv,1967,76
afcmr,1967,80
afcog,1967,74
afdza,1967,54
afegy,1967,44
afeth,1967,73
afgab,1967,92
afgha,1967,78
afgin,1967,87
afken,1967,67
afmar,1967,56
afmdg,1967,85
afmoz,1967,79
afmrt,1967,89
afnga,1967,93
afsdn,1967,91
afsen,1967,58
aftgo,1967,82
aftun,1967,53
aftza,1967,90
afzaf,1967,50
afzmb,1967,65
afzwe,1967,22
aschn,1967,29
ashkg,1967,15
asidn,1967,88
asind,1967,45
asirn,1967,68
asisr,1967,25
asjor,1967,31
asjpn,1967,7
askhm,1967,77
askor,1967,20
askwt,1967,75
aslbn,1967,28
aslka,1967,86
asmmr,1967,81
asmys,1967,60
asomn,1967,61
aspak,1967,47
asphl,1967,62
asqat,1967,94
assau,1967,71
assgp,1967,34
assyr,1967,52
astha,1967,83
astur,1967,69
asvnm,1967,48
eualb,1967,36
euaut,1967,4
eubel,1967,10
eubgr,1967,27
euche,1967,2
eudeu,1967,1
eudnk,1967,14
euesp,1967,26
eufin,1967,13
eufra,1967,9
eugbr,1967,5
eugrc,1967,39
euhun,1967,16
euirl,1967,17
euita,1967,6
eunld,1967,12
eunor,1967,11
eupol,1967,18
euprt,1967,19
eurou,1967,32
euswe,1967,3
nacan,1967,21
nacri,1967,24
nadom,1967,64
nagtm,1967,38
nahnd,1967,55
najam,1967,57
namex,1967,40
nanic,1967,41
napan,1967,23
naslv,1967,30
natto,1967,46
nausa,1967,8
ocaus,1967,37
ocnzl,1967,35
saarg,1967,49
sabol,1967,70
sabra,1967,72
sachl,1967,43
sacol,1967,42
saecu,1967,66
saper,1967,63
sapry,1967,59
saury,1967,33
saven,1967,51
afago,1968,91
afciv,1968,81
afcmr,1968,66
afcog,1968,72
afdza,1968,60
afegy,1968,46
afeth,1968,79
afgab,1968,93
afgha,1968,67
afgin,1968,86
afken,1968,65
afmar,1968,57
afmdg,1968,84
afmoz,1968,74
afmrt,1968,83
afnga,1968,95
afsdn,1968,90
afsen,1968,55
aftgo,1968,82
aftun,1968,50
aftza,1968,92
afzaf,1968,56
afzmb,1968,68
afzwe,1968,19
asare,1968,17
aschn,1968,29
ashkg,1968,15
asidn,1968,88
asind,1968,45
asirn,1968,70
asisr,1968,26
asjor,1968,30
asjpn,1968,6
askhm,1968,75
askor,1968,24
askwt,1968,87
aslao,1968,69
aslbn,1968,31
aslka,1968,89
asmmr,1968,85
asmys,1968,59
asomn,1968,94
aspak,1968,54
asphl,1968,61
asqat,1968,96
assau,1968,80
assgp,1968,36
assyr,1968,51
astha,1968,76
astur,1968,73
asvnm,1968,44
eualb,1968,41
euaut,1968,5
eubel,1968,10
eubgr,1968,32
euche,1968,2
eudeu,1968,1
eudnk,1968,13
euesp,1968,27
eufin,1968,12
eufra,1968,9
eugbr,1968,4
eugrc,1968,38
euhun,1968,16
euirl,1968,18
euita,1968,7
eunld,1968,14
eunor,1968,11
eupol,1968,22
euprt,1968,21
eurou,1968,33
euswe,1968,3
nacan,1968,23
nacri,1968,25
nadom,1968,71
nagtm,1968,37
nahnd,1968,48
najam,1968,53
namex,1968,42
nanic,1968,40
napan,1968,20
naslv,1968,28
natto,1968,43
nausa,1968,8
ocaus,1968,35
ocnzl,1968,39
saarg,1968,52
sabol,1968,77
sabra,1968,64
sachl,1968,49
sacol,1968,47
saecu,1968,78
saper,1968,63
sapry,1968,62
saury,1968,34
saven,1968,58
afago,1969,90
afciv,1969,89
afcmr,1969,74
afcog,1969,75
afdza,1969,59
afegy,1969,49
afeth,1969,78
afgab,1969,95
afgha,1969,77
afgin,1969,88
afken,1969,69
afmar,1969,55
afmdg,1969,85
afmoz,1969,71
afmrt,1969,61
afnga,1969,96
afsdn,1969,93
afsen,1969,57
aftgo,1969,92
aftun,1969,46
aftza,1969,91
afzaf,1969,54
afzmb,1969,73
afzwe,1969,16
asare,1969,26
aschn,1969,31
ashkg,1969,15
asidn,1969,86
asind,1969,44
asirn,1969,70
asisr,1969,25
asjor,1969,28
asjpn,1969,5
askhm,1969,81
askor,1969,24
askwt,1969,84
aslao,1969,82
aslbn,1969,32
aslka,1969,79
asmmr,1969,87
asmys,1969,64
asomn,1969,94
aspak,1969,53
asphl,1969,60
asqat,1969,66
assau,1969,65
assgp,1969,38
assyr,1969,58
astha,1969,72
astur,1969,76
asvnm,1969,47
eualb,1969,43
euaut,1969,6
eubel,1969,10
eubgr,1969,33
euche,1969,2
eudeu,1969,1
eudnk,1969,13
euesp,1969,23
eufin,1969,11
eufra,1969,9
eugbr,1969,3
eugrc,1969,40
euhun,1969,17
euirl,1969,21
euita,1969,8
eunld,1969,14
eunor,1969,12
eupol,1969,19
euprt,1969,18
eurou,1969,27
euswe,1969,4
nacan,1969,22
nacri,1969,30
nadom,1969,62
nagtm,1969,34
nahnd,1969,48
najam,1969,51
namex,1969,41
nanic,1969,42
napan,1969,20
naslv,1969,29
natto,1969,36
nausa,1969,7
ocaus,1969,37
ocnzl,1969,39
saarg,1969,50
sabol,1969,83
sabra,1969,63
sachl,1969,45
sacol,1969,52
saecu,1969,80
saper,1969,68
sapry,1969,67
saury,1969,35
saven,1969,56
afago,1970,90
afciv,1970,86
afcmr,1970,72
afcog,1970,79
afdza,1970,58
afegy,1970,48
afeth,1970,82
afgab,1970,92
afgha,1970,83
afgin,1970,85
afken,1970,63
afmar,1970,54
afmdg,1970,81
afmoz,1970,71
afmrt,1970,64
afnga,1970,96
afsdn,1970,95
afsen,1970,60
aftgo,1970,84
aftun,1970,47
aftza,1970,91
afzaf,1970,55
afzmb,1970,94
afzwe,1970,16
asare,1970,69
aschn,1970,30
ashkg,1970,14
asidn,1970,93
asind,1970,38
asirn,1970,74
asisr,1970,26
asjor,1970,28
asjpn,1970,6
askhm,1970,89
askor,1970,25
askwt,1970,77
aslao,1970,65
aslbn,1970,24
aslka,1970,78
asmmr,1970,87
asmys,1970,66
asomn,1970,88
aspak,1970,52
asphl,1970,57
asqat,1970,46
assau,1970,75
assgp,1970,41
assyr,1970,56
astha,1970,73
astur,1970,61
asvnm,1970,43
eualb,1970,44
euaut,1970,4
eubel,1970,10
eubgr,1970,32
euche,1970,2
eudeu,1970,1
eudnk,1970,12
euesp,1970,21
eufin,1970,11
eufra,1970,9
eugbr,1970,3
eugrc,1970,34
euhun,1970,17
euirl,1970,18
euita,1970,7
eunld,1970,15
eunor,1970,13
eupol,1970,22
euprt,1970,19
eurou,1970,27
euswe,1970,5
nacan,1970,23
nacri,1970,29
nadom,1970,68
nagtm,1970,33
nahnd,1970,50
najam,1970,53
namex,1970,36
nanic,1970,37
napan,1970,20
naslv,1970,31
natto,1970,42
nausa,1970,8
ocaus,1970,40
ocnzl,1970,39
saarg,1970,49
sabol,1970,70
sabra,1970,62
sachl,1970,45
sacol,1970,51
saecu,1970,80
saper,1970,76
sapry,1970,59
saury,1970,35
saven,1970,67
afago,1971,90
afciv,1971,88
afcmr,1971,78
afcog,1971,80
afdza,1971,59
afegy,1971,46
afeth,1971,84
afgab,1971,95
afgha,1971,81
afgin,1971,74
afken,1971,57
afmar,1971,49
afmdg,1971,79
afmoz,1971,71
afmrt,1971,66
afnga,1971,96
afsdn,1971,94
afsen,1971,62
aftgo,1971,67
aftun,1971,51
aftza,1971,89
afzaf,1971,55
afzmb,1971,87
afzwe,1971,16
asare,1971,58
aschn,1971,31
ashkg,1971,15
asidn,1971,92
asind,1971,40
asirn,1971,72
asisr,1971,25
asjor,1971,24
asjpn,1971,5
askhm,1971,86
askor,1971,26
askwt,1971,68
aslao,1971,69
aslbn,1971,28
aslka,1971,82
asmmr,1971,93
asmys,1971,77
asomn,1971,91
aspak,1971,53
asphl,1971,61
asqat,1971,43
assau,1971,83
assgp,1971,45
assyr,1971,56
astha,1971,75
astur,1971,64
asvnm,1971,52
eualb,1971,41
euaut,1971,4
eubel,1971,10
eubgr,1971,29
euche,1971,3
eudeu,1971,1
eudnk,1971,11
euesp,1971,20
eufin,1971,12
eufra,1971,8
eugbr,1971,2
eugrc,1971,35
euhun,1971,17
euirl,1971,18
euita,1971,7
eunld,1971,13
eunor,1971,14
eupol,1971,21
euprt,1971,19
eurou,1971,23
euswe,1971,6
nacan,1971,22
nacri,1971,32
nadom,1971,60
nagtm,1971,36
nahnd,1971,54
najam,1971,50
namex,1971,34
nanic,1971,39
napan,1971,27
naslv,1971,30
natto,1971,33
nausa,1971,9
ocaus,1971,42
ocnzl,1971,38
saarg,1971,47
sabol,1971,70
sabra,1971,65
sachl,1971,44
sacol,1971,48
saecu,1971,85
saper,1971,73
sapry,1971,63
saury,1971,37
saven,1971,76
afago,1972,93
afciv,1972,89
afcmr,1972,80
afcog,1972,83
afdza,1972,67
afegy,1972,44
afeth,1972,90
afgab,1972,95
afgha,1972,81
afgin,1972,84
afken,1972,56
afmar,1972,49
afmdg,1972,75
afmoz,1972,76
afmrt,1972,79
afnga,1972,97
afsdn,1972,94
afsen,1972,54
aftgo,1972,63
aftun,1972,52
aftza,1972,91
afzaf,1972,53
afzmb,1972,92
afzwe,1972,18
asare,1972,61
asbgd,1972,68
aschn,1972,32
ashkg,1972,13
asidn,1972,96
asind,1972,42
asirn,1972,74
asisr,1972,24
asjor,1972,36
asjpn,1972,5
askhm,1972,85
askor,1972,27
askwt,1972,62
aslao,1972,77
aslbn,1972,26
aslka,1972,87
asmmr,1972,82
asmys,1972,70
asomn,1972,88
aspak,1972,55
asphl,1972,65
asqat,1972,28
assau,1972,78
assgp,1972,40
assyr,1972,57
astha,1972,71
astur,1972,60
asvnm,1972,50
eualb,1972,43
euaut,1972,6
eubel,1972,10
eubgr,1972,29
euche,1972,2
eudeu,1972,1
eudnk,1972,12
euesp,1972,19
eufin,1972,11
eufra,1972,9
eugbr,1972,3
eugrc,1972,39
euhun,1972,16
euirl,1972,17
euita,1972,7
eunld,1972,14
eunor,1972,15
eupol,1972,21
euprt,1972,20
eurou,1972,22
euswe,1972,4
nacan,1972,23
nacri,1972,30
nadom,1972,58
nagtm,1972,38
nahnd,1972,59
najam,1972,51
namex,1972,35
nanic,1972,41
napan,1972,31
naslv,1972,25
natto,1972,33
nausa,1972,8
ocaus,1972,46
ocnzl,1972,34
saarg,1972,47
sabol,1972,72
sabra,1972,64
sachl,1972,45
sacol,1972,48
saecu,1972,86
saper,1972,73
sapry,1972,69
saury,1972,37
saven,1972,66
afago,1973,86
afciv,1973,92
afcmr,1973,69
afcog,1973,90
afdza,1973,66
afegy,1973,40
afeth,1973,84
afgab,1973,96
afgha,1973,91
afgin,1973,77
afken,1973,60
afmar,1973,52
afmdg,1973,80
afmoz,1973,71
afmrt,1973,79
afnga,1973,97
afsdn,1973,93
afsen,1973,55
aftgo,1973,62
aftun,1973,50
aftza,1973,87
afzaf,1973,54
afzmb,1973,85
afzwe,1973,17
asare,1973,88
asbgd,1973,59
aschn,1973,29
ashkg,1973,12
asidn,1973,94
asind,1973,43
asirn,1973,89
asisr,1973,24
asjor,1973,34
asjpn,1973,2
askhm,1973,82
askor,1973,23
askwt,1973,64
aslao,1973,75
aslbn,1973,25
aslka,1973,78
asmmr,1973,76
asmys,1973,74
asomn,1973,73
aspak,1973,53
asphl,1973,65
asqat,1973,68
assau,1973,95
assgp,1973,37
assyr,1973,57
astha,1973,67
astur,1973,56
asvnm,1973,49
eualb,1973,48
euaut,1973,6
eubel,1973,10
eubgr,1973,28
euche,1973,5
eudeu,1973,1
eudnk,1973,13
euesp,1973,19
eufin,1973,14
eufra,1973,9
eugbr,1973,3
eugrc,1973,39
euhun,1973,18
euirl,1973,16
euita,1973,7
eunld,1973,15
eunor,1973,11
eupol,1973,21
euprt,1973,20
eurou,1973,22
euswe,1973,4
nacan,1973,27
nacri,1973,30
nadom,1973,51
nagtm,1973,35
nahnd,1973,61
najam,1973,45
namex,1973,33
nanic,1973,46
napan,1973,31
naslv,1973,26
natto,1973,38
nausa,1973,8
ocaus,1973,47
ocnzl,1973,32
saarg,1973,41
sabol,1973,81
sabra,1973,58
sachl,1973,44
sacol,1973,42
saecu,1973,83
saper,1973,72
sapry,1973,63
saury,1973,36
saven,1973,70
afago,1974,87
afciv,1974,93
afcmr,1974,79
afcog,1974,89
afdza,1974,74
afegy,1974,46
afeth,1974,84
afgab,1974,96
afgha,1974,92
afgin,1974,91
afken,1974,66
afmar,1974,59
afmdg,1974,85
afmoz,1974,72
afmrt,1974,77
afnga,1974,98
afsdn,1974,83
afsen,1974,60
aftgo,1974,73
aftun,1974,49
aftza,1974,90
afzaf,1974,58
afzmb,1974,82
afzwe,1974,17
asare,1974,64
asbgd,1974,56
aschn,1974,31
ashkg,1974,15
asidn,1974,95
asind,1974,43
asirn,1974,94
asisr,1974,23
asjor,1974,35
asjpn,1974,6
askhm,1974,69
askor,1974,22
askwt,1974,70
aslao,1974,75
aslbn,1974,25
aslka,1974,81
asmmr,1974,76
asmng,1974,37
asmys,1974,68
asomn,1974,62
aspak,1974,48
asphl,1974,63
asqat,1974,80
assau,1974,97
assgp,1974,38
assyr,1974,54
astha,1974,67
astur,1974,57
asvnm,1974,52
eualb,1974,53
euaut,1974,5
eubel,1974,10
eubgr,1974,24
euche,1974,3
eudeu,1974,1
eudnk,1974,13
euesp,1974,18
eufin,1974,11
eufra,1974,8
eugbr,1974,4
eugrc,1974,36
euhun,1974,19
euirl,1974,16
euita,1974,7
eunld,1974,14
eunor,1974,12
eupol,1974,20
euprt,1974,21
eurou,1974,26
euswe,1974,2
nacan,1974,27
nacri,1974,29
nadom,1974,50
nagtm,1974,40
nahnd,1974,55
najam,1974,44
namex,1974,30
nanic,1974,45
napan,1974,32
naslv,1974,28
natto,1974,42
nausa,1974,9
ocaus,1974,47
ocnzl,1974,33
saarg,1974,39
sabol,1974,86
sabra,1974,61
sachl,1974,51
sacol,1974,41
saecu,1974,78
saper,1974,71
sapry,1974,65
saury,1974,34
saven,1974,88
afago,1975,91
afciv,1975,89
afcmr,1975,78
afcog,1975,90
afdza,1975,71
afegy,1975,43
afeth,1975,79
afgab,1975,96
afgha,1975,88
afgin,1975,93
afken,1975,67
afmar,1975,57
afmdg,1975,85
afmoz,1975,75
afmrt,1975,72
afnga,1975,98
afsdn,1975,82
afsen,1975,61
aftgo,1975,68
aftun,1975,48
aftza,1975,92
afzaf,1975,59
afzmb,1975,76
afzwe,1975,16
asare,1975,87
asbgd,1975,66
aschn,1975,32
ashkg,1975,14
asidn,1975,95
asind,1975,42
asirn,1975,94
asisr,1975,21
asjor,1975,28
asjpn,1975,3
askhm,1975,62
askor,1975,23
askwt,1975,64
aslao,1975,73
aslbn,1975,26
aslka,1975,77
asmmr,1975,84
asmng,1975,37
asmys,1975,69
asomn,1975,74
aspak,1975,47
asphl,1975,54
asqat,1975,86
assau,1975,97
assgp,1975,38
assyr,1975,52
astha,1975,65
astur,1975,58
asvnm,1975,51
eualb,1975,53
euaut,1975,4
eubel,1975,10
eubgr,1975,24
euche,1975,6
eudeu,1975,1
eudnk,1975,12
euesp,1975,19
eufin,1975,11
eufra,1975,8
eugbr,1975,5
eugrc,1975,33
euhun,1975,20
euirl,1975,17
euita,1975,7
eunld,1975,15
eunor,1975,13
eupol,1975,18
euprt,1975,22
eurou,1975,29
euswe,1975,2
nacan,1975,25
nacri,1975,31
nadom,1975,56
nagtm,1975,41
nahnd,1975,60
najam,1975,46
namex,1975,27
nanic,1975,44
napan,1975,36
naslv,1975,30
natto,1975,50
nausa,1975,9
ocaus,1975,49
ocnzl,1975,39
saarg,1975,35
sabol,1975,80
sabra,1975,55
sachl,1975,45
sacol,1975,40
saecu,1975,81
saper,1975,70
sapry,1975,63
saury,1975,34
saven,1975,83
afago,1976,90
afciv,1976,94
afcmr,1976,85
afcog,1976,93
afdza,1976,74
afegy,1976,49
afeth,1976,82
afgab,1976,95
afgha,1976,91
afgin,1976,96
afken,1976,65
afmar,1976,58
afmdg,1976,88
afmoz,1976,81
afmrt,1976,73
afnga,1976,98
afsdn,1976,86
afsen,1976,70
aftgo,1976,75
aftun,1976,54
aftza,1976,87
afzaf,1976,63
afzmb,1976,76
afzwe,1976,27
asare,1976,16
asbgd,1976,77
aschn,1976,40
ashkg,1976,19
asidn,1976,97
asind,1976,43
asirn,1976,89
asisr,1976,24
asjor,1976,14
asjpn,1976,3
askhm,1976,53
askor,1976,29
askwt,1976,18
aslao,1976,72
aslbn,1976,21
aslka,1976,83
asmmr,1976,80
asmng,1976,35
asmys,1976,67
asomn,1976,15
aspak,1976,50
asphl,1976,56
asqat,1976,39
assau,1976,92
assgp,1976,41
assyr,1976,30
astha,1976,68
astur,1976,51
asvnm,1976,64
eualb,1976,55
euaut,1976,4
eubel,1976,10
eubgr,1976,28
euche,1976,5
eudeu,1976,1
eudnk,1976,12
euesp,1976,23
eufin,1976,11
eufra,1976,8
eugbr,1976,6
eugrc,1976,34
euhun,1976,26
euirl,1976,20
euita,1976,7
eunld,1976,17
eunor,1976,13
eupol,1976,22
euprt,1976,31
eurou,1976,33
euswe,1976,2
nacan,1976,25
nacri,1976,37
nadom,1976,61
nagtm,1976,48
nahnd,1976,66
najam,1976,47
namex,1976,32
nanic,1976,57
napan,1976,42
naslv,1976,38
natto,1976,60
nausa,1976,9
ocaus,1976,52
ocnzl,1976,44
saarg,1976,45
sabol,1976,78
sabra,1976,62
sachl,1976,59
sacol,1976,46
saecu,1976,84
saper,1976,69
sapry,1976,71
saury,1976,36
saven,1976,79
afago,1977,94
afciv,1977,85
afcmr,1977,83
afcog,1977,91
afdza,1977,75
afegy,1977,47
afeth,1977,82
afgab,1977,93
afgha,1977,92
afgin,1977,97
afken,1977,66
afmar,1977,56
afmdg,1977,89
afmoz,1977,80
afmrt,1977,74
afnga,1977,98
afsdn,1977,88
afsen,1977,69
aftgo,1977,78
aftun,1977,58
aftza,1977,84
afzaf,1977,54
afzmb,1977,79
afzwe,1977,33
asare,1977,25
asbgd,1977,73
aschn,1977,40
ashkg,1977,20
asidn,1977,95
asind,1977,39
asirn,1977,90
asisr,1977,21
asjor,1977,14
asjpn,1977,3
askhm,1977,43
askor,1977,29
askwt,1977,18
aslao,1977,55
aslbn,1977,16
aslka,1977,76
asmmr,1977,81
asmng,1977,28
asmys,1977,64
asomn,1977,37
aspak,1977,46
asphl,1977,67
asqat,1977,51
assau,1977,96
assgp,1977,35
assyr,1977,26
astha,1977,68
astur,1977,52
asvnm,1977,57
eualb,1977,62
euaut,1977,4
eubel,1977,10
eubgr,1977,30
euche,1977,5
eudeu,1977,1
eudnk,1977,12
euesp,1977,19
eufin,1977,11
eufra,1977,8
eugbr,1977,6
eugrc,1977,34
euhun,1977,24
euirl,1977,17
euita,1977,7
eunld,1977,15
eunor,1977,13
eupol,1977,23
euprt,1977,27
eurou,1977,32
euswe,1977,2
nacan,1977,22
nacri,1977,38
nadom,1977,63
nagtm,1977,49
nahnd,1977,65
najam,1977,48
namex,1977,31
nanic,1977,60
napan,1977,45
naslv,1977,41
natto,1977,70
nausa,1977,9
ocaus,1977,53
ocnzl,1977,42
saarg,1977,44
sabol,1977,77
sabra,1977,61
sachl,1977,59
sacol,1977,50
saecu,1977,86
saper,1977,71
sapry,1977,72
saury,1977,36
saven,1977,87
afago,1978,95
afciv,1978,83
afcmr,1978,89
afcog,1978,88
afdza,1978,79
afegy,1978,49
afeth,1978,80
afgab,1978,92
afgha,1978,85
afgin,1978,96
afken,1978,64
afmar,1978,55
afmdg,1978,90
afmoz,1978,78
afmrt,1978,82
afnga,1978,98
afsdn,1978,91
afsen,1978,70
aftgo,1978,84
aftun,1978,65
aftza,1978,86
afzaf,1978,63
afzmb,1978,76
afzwe,1978,43
asare,1978,41
asbgd,1978,69
aschn,1978,36
ashkg,1978,19
asidn,1978,94
asind,1978,40
asirn,1978,87
asisr,1978,21
asjor,1978,15
asjpn,1978,3
askhm,1978,33
askor,1978,24
askwt,1978,28
aslao,1978,53
aslbn,1978,18
aslka,1978,74
asmmr,1978,77
asmng,1978,29
asmys,1978,61
asomn,1978,68
aspak,1978,46
asphl,1978,54
asqat,1978,73
assau,1978,97
assgp,1978,39
assyr,1978,26
astha,1978,66
astur,1978,52
asvnm,1978,62
eualb,1978,48
euaut,1978,5
eubel,1978,10
eubgr,1978,30
euche,1978,4
eudeu,1978,1
eudnk,1978,12
euesp,1978,17
eufin,1978,11
eufra,1978,7
eugbr,1978,6
eugrc,1978,32
euhun,1978,20
euirl,1978,13
euita,1978,8
eunld,1978,16
eunor,1978,14
eupol,1978,23
euprt,1978,25
eurou,1978,27
euswe,1978,2
nacan,1978,22
nacri,1978,35
nadom,1978,51
nagtm,1978,47
nahnd,1978,67
najam,1978,44
namex,1978,31
nanic,1978,56
napan,1978,42
naslv,1978,34
natto,1978,57
nausa,1978,9
ocaus,1978,50
ocnzl,1978,37
saarg,1978,45
sabol,1978,75
sabra,1978,58
sachl,1978,60
sacol,1978,59
saecu,1978,93
saper,1978,71
sapry,1978,72
saury,1978,38
saven,1978,81
afago,1979,94
afciv,1979,80
afcmr,1979,86
afcog,1979,84
afdza,1979,78
afegy,1979,57
afeth,1979,88
afgab,1979,93
afgha,1979,87
afgin,1979,97
afken,1979,66
afmar,1979,58
afmdg,1979,90
afmoz,1979,69
afmrt,1979,92
afnga,1979,98
afsdn,1979,89
afsen,1979,70
aftgo,1979,79
aftun,1979,60
aftza,1979,83
afzaf,1979,55
afzmb,1979,76
afzwe,1979,32
asare,1979,50
asbgd,1979,72
aschn,1979,34
ashkg,1979,19
asidn,1979,95
asind,1979,38
asirn,1979,91
asisr,1979,24
asjor,1979,17
asjpn,1979,4
askhm,1979,26
askor,1979,23
askwt,1979,44
aslao,1979,53
aslbn,1979,27
aslka,1979,74
asmmr,1979,77
asmng,1979,30
asmys,1979,65
asomn,1979,73
aspak,1979,45
asphl,1979,62
asqat,1979,42
assau,1979,96
assgp,1979,39
assyr,1979,40
astha,1979,61
astur,1979,54
asvnm,1979,68
eualb,1979,48
euaut,1979,5
eubel,1979,10
eubgr,1979,28
euche,1979,2
eudeu,1979,1
eudnk,1979,12
euesp,1979,16
eufin,1979,11
eufra,1979,8
eugbr,1979,6
eugrc,1979,37
euhun,1979,18
euirl,1979,14
euita,1979,7
eunld,1979,13
eunor,1979,15
eupol,1979,20
euprt,1979,21
eurou,1979,25
euswe,1979,3
nacan,1979,22
nacri,1979,31
nadom,1979,56
nagtm,1979,43
nahnd,1979,71
najam,1979,52
namex,1979,29
nanic,1979,49
napan,1979,41
naslv,1979,36
natto,1979,67
nausa,1979,9
ocaus,1979,47
ocnzl,1979,35
saarg,1979,46
sabol,1979,85
sabra,1979,51
sachl,1979,64
sacol,1979,59
saecu,1979,82
saper,1979,63
sapry,1979,75
saury,1979,33
saven,1979,81
afago,1980,94
afciv,1980,83
afcmr,1980,90
afcod,1980,95
afcog,1980,86
afdza,1980,77
afegy,1980,66
afeth,1980,85
afgab,1980,92
afgha,1980,82
afgin,1980,97
afken,1980,63
afmar,1980,58
afmdg,1980,84
afmoz,1980,72
afmrt,1980,87
afnga,1980,99
afsdn,1980,88
afsen,1980,69
aftgo,1980,89
aftun,1980,48
aftza,1980,79
afzaf,1980,49
afzmb,1980,76
afzwe,1980,70
asare,1980,40
asbgd,1980,68
aschn,1980,33
ashkg,1980,21
asidn,1980,96
asind,1980,36
asirn,1980,93
asisr,1980,25
asjor,1980,20
asjpn,1980,4
askhm,1980,18
askor,1980,23
askwt,1980,43
aslao,1980,46
aslbn,1980,28
aslka,1980,73
asmmr,1980,78
asmng,1980,39
asmys,1980,65
asomn,1980,55
aspak,1980,54
asphl,1980,56
asqat,1980,34
assau,1980,98
assgp,1980,41
assyr,1980,67
astha,1980,59
astur,1980,50
asvnm,1980,64
eualb,1980,30
euaut,1980,5
eubel,1980,10
eubgr,1980,26
euche,1980,2
eudeu,1980,1
eudnk,1980,12
euesp,1980,15
eufin,1980,11
eufra,1980,7
eugbr,1980,6
eugrc,1980,42
euhun,1980,19
euirl,1980,13
euita,1980,8
eunld,1980,14
eunor,1980,16
eupol,1980,17
euprt,1980,24
eurou,1980,27
euswe,1980,3
nacan,1980,22
nacri,1980,31
nadom,1980,60
nagtm,1980,44
nahnd,1980,71
najam,1980,47
namex,1980,29
nanic,1980,53
napan,1980,37
naslv,1980,38
natto,1980,75
nausa,1980,9
ocaus,1980,51
ocnzl,1980,35
saarg,1980,52
sabol,1980,80
sabra,1980,45
sachl,1980,62
sacol,1980,61
saecu,1980,74
saper,1980,57
sapry,1980,81
saury,1980,32
saven,1980,91
afago,1981,97
afciv,1981,81
afcmr,1981,92
afcod,1981,93
afcog,1981,95
afdza,1981,84
afegy,1981,71
afeth,1981,83
afgab,1981,91
afgha,1981,87
afgin,1981,96
afken,1981,67
afmar,1981,57
afmdg,1981,80
afmoz,1981,75
afmrt,1981,88
afnga,1981,98
afsdn,1981,86
afsen,1981,60
aftgo,1981,89
aftun,1981,49
aftza,1981,78
afzaf,1981,51
afzmb,1981,69
afzwe,1981,74
asare,1981,50
asbgd,1981,72
aschn,1981,32
ashkg,1981,24
asidn,1981,94
asind,1981,37
asirn,1981,85
asisr,1981,16
asjor,1981,25
asjpn,1981,6
askhm,1981,15
askor,1981,22
askwt,1981,42
aslao,1981,44
aslbn,1981,28
aslka,1981,73
asmmr,1981,76
asmng,1981,40
asmys,1981,68
asomn,1981,48
aspak,1981,53
asphl,1981,56
asqat,1981,58
assau,1981,99
assgp,1981,39
assyr,1981,66
astha,1981,55
astur,1981,45
asvnm,1981,65
eualb,1981,38
euaut,1981,5
eubel,1981,10
eubgr,1981,26
euche,1981,3
eudeu,1981,1
eudnk,1981,12
euesp,1981,17
eufin,1981,11
eufra,1981,8
eugbr,1981,4
eugrc,1981,33
euhun,1981,20
euirl,1981,13
euita,1981,7
eunld,1981,14
eunor,1981,19
eupol,1981,18
euprt,1981,23
eurou,1981,27
euswe,1981,2
nacan,1981,21
nacri,1981,36
nadom,1981,62
nagtm,1981,41
nahnd,1981,70
najam,1981,46
namex,1981,29
nanic,1981,61
napan,1981,31
naslv,1981,35
natto,1981,63
nausa,1981,9
ocaus,1981,54
ocnzl,1981,30
saarg,1981,52
sabol,1981,82
sabra,1981,43
sachl,1981,59
sacol,1981,47
saecu,1981,77
saper,1981,64
sapry,1981,79
saury,1981,34
saven,1981,90
afago,1982,97
afciv,1982,86
afcmr,1982,89
afcod,1982,91
afcog,1982,95
afdza,1982,85
afegy,1982,70
afeth,1982,77
afgab,1982,92
afgha,1982,90
afgin,1982,96
afken,1982,69
afmar,1982,53
afmdg,1982,88
afmoz,1982,67
afmrt,1982,82
afnga,1982,98
afsdn,1982,84
afsen,1982,56
aftgo,1982,93
aftun,1982,45
aftza,1982,79
afzaf,1982,51
afzmb,1982,76
afzwe,1982,65
asare,1982,68
asbgd,1982,72
aschn,1982,36
ashkg,1982,24
asidn,1982,94
asind,1982,40
asirn,1982,87
asisr,1982,16
asjor,1982,25
asjpn,1982,4
askhm,1982,19
askor,1982,23
askwt,1982,44
aslao,1982,47
aslbn,1982,28
aslka,1982,73
asmmr,1982,75
asmng,1982,55
asmys,1982,63
asomn,1982,78
aspak,1982,50
asphl,1982,54
asqat,1982,62
assau,1982,99
assgp,1982,38
assyr,1982,52
astha,1982,57
astur,1982,39
asvnm,1982,71
eualb,1982,34
euaut,1982,6
eubel,1982,11
eubgr,1982,27
euche,1982,5
eudeu,1982,1
eudnk,1982,12
euesp,1982,15
eufin,1982,10
eufra,1982,7
eugbr,1982,3
eugrc,1982,33
euhun,1982,20
euirl,1982,13
euita,1982,8
eunld,1982,14
eunor,1982,18
eupol,1982,17
euprt,1982,21
eurou,1982,26
euswe,1982,2
nacan,1982,22
nacri,1982,42
nadom,1982,61
nagtm,1982,41
nahnd,1982,66
najam,1982,49
namex,1982,31
nanic,1982,58
napan,1982,30
naslv,1982,32
natto,1982,59
nausa,1982,9
ocaus,1982,46
ocnzl,1982,29
saarg,1982,48
sabol,1982,81
sabra,1982,37
sachl,1982,60
sacol,1982,43
saecu,1982,74
saper,1982,64
sapry,1982,80
saury,1982,35
saven,1982,83
afago,1983,97
afciv,1983,83
afcmr,1983,87
afcod,1983,93
afcog,1983,96
afdza,1983,88
afegy,1983,65
afeth,1983,76
afgab,1983,94
afgha,1983,85
afgin,1983,99
afken,1983,82
afmar,1983,54
afmdg,1983,90
afmoz,1983,67
afmrt,1983,91
afnga,1983,98
afsdn,1983,84
afsen,1983,56
aftgo,1983,95
aftun,1983,46
aftza,1983,86
afzaf,1983,51
afzmb,1983,77
afzwe,1983,74
asare,1983,72
asbgd,1983,73
aschn,1983,38
ashkg,1983,20
asidn,1983,92
asind,1983,47
asirn,1983,89
asisr,1983,14
asjor,1983,26
asjpn,1983,3
askhm,1983,18
askor,1983,23
askwt,1983,43
aslao,1983,68
aslbn,1983,29
aslka,1983,70
asmmr,1983,78
asmng,1983,53
asmys,1983,55
asomn,1983,27
aspak,1983,57
asphl,1983,61
asqat,1983,48
assau,1983,64
assgp,1983,35
assyr,1983,62
astha,1983,63
astur,1983,30
asvnm,1983,75
eualb,1983,39
euaut,1983,6
eubel,1983,11
eubgr,1983,24
euche,1983,4
eudeu,1983,1
eudnk,1983,12
euesp,1983,15
eufin,1983,9
eufra,1983,8
eugbr,1983,5
eugrc,1983,31
euhun,1983,25
euirl,1983,13
euita,1983,7
eunld,1983,16
eunor,1983,21
eupol,1983,19
euprt,1983,22
eurou,1983,28
euswe,1983,2
nacan,1983,17
nacri,1983,44
nadom,1983,59
nagtm,1983,42
nahnd,1983,69
najam,1983,52
namex,1983,33
nanic,1983,60
napan,1983,36
naslv,1983,34
natto,1983,50
nausa,1983,10
ocaus,1983,49
ocnzl,1983,32
saarg,1983,45
sabol,1983,79
sabra,1983,41
sachl,1983,58
sacol,1983,40
saecu,1983,81
saper,1983,66
sapry,1983,71
saury,1983,37
saven,1983,80
afago,1984,98
afciv,1984,83
afcmr,1984,89
afcod,1984,93
afcog,1984,97
afdza,1984,88
afegy,1984,67
afeth,1984,74
afgab,1984,95
afgha,1984,90
afgin,1984,99
afken,1984,81
afmar,1984,54
afmdg,1984,91
afmoz,1984,64
afmrt,1984,94
afnga,1984,100
afsdn,1984,86
afsen,1984,70
aftgo,1984,96
aftun,1984,47
aftza,1984,84
afzaf,1984,57
afzmb,1984,79
afzwe,1984,76
asare,1984,66
asbgd,1984,73
aschn,1984,38
ashkg,1984,17
asidn,1984,92
asind,1984,40
asirn,1984,87
asisr,1984,14
asjor,1984,20
asjpn,1984,1
askhm,1984,28
askor,1984,18
askwt,1984,58
aslao,1984,61
aslbn,1984,29
aslka,1984,68
asmmr,1984,78
asmng,1984,60
asmys,1984,41
asomn,1984,30
aspak,1984,53
asphl,1984,55
asqat,1984,48
assau,1984,75
assgp,1984,27
assyr,1984,59
astha,1984,50
astur,1984,42
asvnm,1984,77
asyem,1984,37
eualb,1984,51
euaut,1984,6
eubel,1984,12
eubgr,1984,26
euche,1984,3
eudeu,1984,2
eudnk,1984,11
euesp,1984,15
eufin,1984,10
eufra,1984,8
eugbr,1984,5
eugrc,1984,34
euhun,1984,23
euirl,1984,13
euita,1984,7
eunld,1984,16
eunor,1984,19
eupol,1984,24
euprt,1984,21
eurou,1984,25
euswe,1984,4
nacan,1984,22
nacri,1984,44
nadom,1984,63
nagtm,1984,46
nahnd,1984,69
najam,1984,49
namex,1984,33
nanic,1984,71
napan,1984,31
naslv,1984,43
natto,1984,56
nausa,1984,9
ocaus,1984,52
ocnzl,1984,32
saarg,1984,45
sabol,1984,85
sabra,1984,35
sachl,1984,62
sacol,1984,39
saecu,1984,82
saper,1984,65
sapry,1984,80
saury,1984,36
saven,1984,72
afago,1985,99
afciv,1985,83
afcmr,1985,98
afcod,1985,91
afcog,1985,95
afdza,1985,88
afegy,1985,67
afeth,1985,77
afgab,1985,90
afgha,1985,84
afgin,1985,97
afken,1985,81
afmar,1985,51
afmdg,1985,92
afmoz,1985,59
afmrt,1985,85
afnga,1985,100
afsdn,1985,79
afsen,1985,68
aftgo,1985,96
aftun,1985,42
aftza,1985,82
afzaf,1985,53
afzmb,1985,71
afzwe,1985,73
asare,1985,65
asbgd,1985,76
aschn,1985,37
ashkg,1985,17
asidn,1985,94
asind,1985,38
asirn,1985,87
asisr,1985,14
asjor,1985,22
asjpn,1985,1
askhm,1985,27
askor,1985,18
askwt,1985,72
aslao,1985,47
aslbn,1985,30
aslka,1985,69
asmmr,1985,74
asmng,1985,60
asmys,1985,40
asomn,1985,50
aspak,1985,55
asphl,1985,54
asqat,1985,33
assau,1985,93
assgp,1985,28
assyr,1985,63
astha,1985,49
astur,1985,39
asvnm,1985,75
asyem,1985,36
eualb,1985,57
euaut,1985,6
eubel,1985,12
eubgr,1985,26
euche,1985,3
eudeu,1985,2
eudnk,1985,11
euesp,1985,15
eufin,1985,10
eufra,1985,8
eugbr,1985,5
eugrc,1985,34
euhun,1985,21
euirl,1985,13
euita,1985,7
eunld,1985,16
eunor,1985,19
eupol,1985,25
euprt,1985,20
eurou,1985,23
euswe,1985,4
nacan,1985,24
nacri,1985,48
nadom,1985,52
nagtm,1985,61
nahnd,1985,66
najam,1985,46
namex,1985,32
nanic,1985,86
napan,1985,41
naslv,1985,70
natto,1985,56
nausa,1985,9
ocaus,1985,45
ocnzl,1985,29
saarg,1985,44
sabol,1985,80
sabra,1985,35
sachl,1985,58
sacol,1985,43
saecu,1985,89
saper,1985,64
sapry,1985,78
saury,1985,31
saven,1985,62
afago,1986,99
afciv,1986,95
afcmr,1986,98
afcod,1986,91
afcog,1986,97
afdza,1986,89
afegy,1986,66
afeth,1986,84
afgab,1986,93
afgha,1986,85
afgin,1986,96
afken,1986,80
afmar,1986,57
afmdg,1986,94
afmoz,1986,55
afmrt,1986,82
afnga,1986,100
afsdn,1986,86
afsen,1986,71
aftgo,1986,92
aftun,1986,43
aftza,1986,81
afzaf,1986,51
afzmb,1986,70
afzwe,1986,73
asare,1986,50
asbgd,1986,72
aschn,1986,38
ashkg,1986,17
asidn,1986,87
asind,1986,37
asirn,1986,90
asisr,1986,15
asjor,1986,30
asjpn,1986,1
askhm,1986,26
askor,1986,18
askwt,1986,40
aslao,1986,62
aslbn,1986,28
aslka,1986,67
asmmr,1986,77
asmng,1986,68
asmys,1986,45
asomn,1986,79
aspak,1986,61
asphl,1986,65
asqat,1986,31
assau,1986,76
assgp,1986,23
assyr,1986,60
astha,1986,56
astur,1986,39
asvnm,1986,75
asyem,1986,44
eualb,1986,64
euaut,1986,6
eubel,1986,12
eubgr,1986,27
euche,1986,3
eudeu,1986,2
eudnk,1986,11
euesp,1986,16
eufin,1986,10
eufra,1986,8
eugbr,1986,5
eugrc,1986,36
euhun,1986,25
euirl,1986,13
euita,1986,7
eunld,1986,14
eunor,1986,19
eupol,1986,22
euprt,1986,21
eurou,1986,20
euswe,1986,4
nacan,1986,24
nacri,1986,54
nadom,1986,53
nagtm,1986,52
nahnd,1986,74
najam,1986,48
namex,1986,32
nanic,1986,69
napan,1986,41
naslv,1986,35
natto,1986,42
nausa,1986,9
ocaus,1986,49
ocnzl,1986,29
saarg,1986,46
sabol,1986,83
sabra,1986,34
sachl,1986,59
sacol,1986,47
saecu,1986,88
saper,1986,63
sapry,1986,78
saury,1986,33
saven,1986,58
afago,1987,90
afciv,1987,96
afcmr,1987,99
afcod,1987,94
afcog,1987,97
afdza,1987,76
afegy,1987,70
afeth,1987,79
afgab,1987,95
afgha,1987,88
afgin,1987,100
afken,1987,80
afmar,1987,61
afmdg,1987,91
afmoz,1987,44
afmrt,1987,85
afnga,1987,98
afsdn,1987,82
afsen,1987,75
aftgo,1987,93
aftun,1987,41
aftza,1987,86
afzaf,1987,59
afzmb,1987,67
afzwe,1987,74
asare,1987,48
asbgd,1987,71
aschn,1987,40
ashkg,1987,18
asidn,1987,87
asind,1987,38
asirn,1987,92
asisr,1987,15
asjor,1987,29
asjpn,1987,1
askhm,1987,35
askor,1987,19
askwt,1987,54
aslao,1987,66
aslbn,1987,30
aslka,1987,73
asmmr,1987,83
asmng,1987,63
asmys,1987,43
asomn,1987,78
aspak,1987,65
asphl,1987,60
asqat,1987,34
assau,1987,56
assgp,1987,26
assyr,1987,68
astha,1987,53
astur,1987,37
asvnm,1987,84
asyem,1987,39
eualb,1987,57
euaut,1987,5
eubel,1987,12
eubgr,1987,27
euche,1987,3
eudeu,1987,2
eudnk,1987,11
euesp,1987,16
eufin,1987,9
eufra,1987,8
eugbr,1987,6
eugrc,1987,36
euhun,1987,22
euirl,1987,13
euita,1987,7
eunld,1987,14
eunor,1987,17
eupol,1987,20
euprt,1987,23
eurou,1987,21
euswe,1987,4
nacan,1987,24
nacri,1987,49
nadom,1987,47
nagtm,1987,50
nahnd,1987,72
najam,1987,62
namex,1987,25
nanic,1987,58
napan,1987,52
naslv,1987,28
natto,1987,45
nausa,1987,10
ocaus,1987,46
ocnzl,1987,31
saarg,1987,42
sabol,1987,81
sabra,1987,33
sachl,1987,69
sacol,1987,55
saecu,1987,89
saper,1987,64
sapry,1987,77
saury,1987,32
saven,1987,51
afago,1988,98
afciv,1988,94
afcmr,1988,100
afcod,1988,90
afcog,1988,93
afdza,1988,59
afegy,1988,65
afeth,1988,81
afgab,1988,96
afgha,1988,87
afgin,1988,99
afken,1988,82
afmar,1988,60
afmdg,1988,91
afmoz,1988,64
afmrt,1988,92
afnga,1988,97
afsdn,1988,85
afsen,1988,75
aftgo,1988,95
aftun,1988,40
aftza,1988,89
afzaf,1988,61
afzmb,1988,68
afzwe,1988,76
asare,1988,44
asbgd,1988,69
aschn,1988,38
ashkg,1988,18
asidn,1988,78
asind,1988,41
asirn,1988,88
asisr,1988,16
asjor,1988,28
asjpn,1988,1
askhm,1988,29
askor,1988,19
askwt,1988,34
aslao,1988,73
aslbn,1988,30
aslka,1988,71
asmmr,1988,86
asmng,1988,54
asmys,1988,46
asomn,1988,48
aspak,1988,70
asphl,1988,63
asqat,1988,36
assau,1988,55
assgp,1988,26
assyr,1988,66
astha,1988,47
astur,1988,37
asvnm,1988,84
asyem,1988,80
eualb,1988,58
euaut,1988,5
eubel,1988,12
eubgr,1988,27
euche,1988,3
eudeu,1988,2
eudnk,1988,10
euesp,1988,15
eufin,1988,8
eufra,1988,9
eugbr,1988,6
eugrc,1988,39
euhun,1988,20
euirl,1988,13
euita,1988,7
eunld,1988,14
eunor,1988,17
eupol,1988,21
euprt,1988,23
eurou,1988,22
euswe,1988,4
nacan,1988,25
nacri,1988,43
nadom,1988,52
nagtm,1988,51
nahnd,1988,74
najam,1988,56
namex,1988,24
nanic,1988,67
napan,1988,49
naslv,1988,35
natto,1988,45
nausa,1988,11
ocaus,1988,50
ocnzl,1988,31
saarg,1988,42
sabol,1988,77
sabra,1988,33
sachl,1988,72
sacol,1988,53
saecu,1988,83
saper,1988,57
sapry,1988,79
saury,1988,32
saven,1988,62
afago,1989,92
afciv,1989,94
afcmr,1989,99
afcod,1989,89
afcog,1989,97
afdza,1989,58
afegy,1989,66
afeth,1989,81
afgab,1989,91
afgha,1989,86
afgin,1989,100
afken,1989,84
afmar,1989,65
afmdg,1989,93
afmoz,1989,64
afmrt,1989,95
afnga,1989,98
afsdn,1989,88
afsen,1989,71
aftgo,1989,96
aftun,1989,46
aftza,1989,87
afzaf,1989,62
afzmb,1989,73
afzwe,1989,75
asare,1989,43
asbgd,1989,77
aschn,1989,35
ashkg,1989,18
asidn,1989,76
asind,1989,40
asirn,1989,90
asisr,1989,16
asjor,1989,27
asjpn,1989,1
askhm,1989,51
askor,1989,19
askwt,1989,36
aslao,1989,61
aslbn,1989,34
aslka,1989,70
asmmr,1989,85
asmng,1989,63
asmys,1989,48
asomn,1989,32
aspak,1989,72
asphl,1989,54
asqat,1989,33
assau,1989,47
assgp,1989,26
assyr,1989,69
astha,1989,49
astur,1989,39
asvnm,1989,83
asyem,1989,82
eualb,1989,59
euaut,1989,5
eubel,1989,12
eubgr,1989,28
euche,1989,4
eudeu,1989,2
eudnk,1989,10
euesp,1989,15
eufin,1989,7
eufra,1989,9
eugbr,1989,6
eugrc,1989,41
euhun,1989,20
euirl,1989,13
euita,1989,8
eunld,1989,14
eunor,1989,17
eupol,1989,22
euprt,1989,25
eurou,1989,21
euswe,1989,3
nacan,1989,23
nacri,1989,45
nadom,1989,56
nagtm,1989,55
nahnd,1989,74
najam,1989,57
namex,1989,24
nanic,1989,67
napan,1989,44
naslv,1989,31
natto,1989,37
nausa,1989,11
ocaus,1989,50
ocnzl,1989,29
saarg,1989,42
sabol,1989,79
sabra,1989,30
sachl,1989,68
sacol,1989,52
saecu,1989,80
saper,1989,60
sapry,1989,78
saury,1989,38
saven,1989,53
afago,1990,98
afciv,1990,93
afcmr,1990,99
afcod,1990,90
afcog,1990,96
afdza,1990,75
afegy,1990,70
afeth,1990,81
afgab,1990,94
afgha,1990,89
afgin,1990,97
afken,1990,85
afmar,1990,63
afmdg,1990,42
afmoz,1990,60
afmrt,1990,95
afnga,1990,100
afsdn,1990,84
afsen,1990,78
aftgo,1990,92
aftun,1990,47
aftza,1990,88
afzaf,1990,58
afzmb,1990,76
afzwe,1990,74
asare,1990,56
asbgd,1990,77
aschn,1990,32
ashkg,1990,19
asidn,1990,73
asind,1990,34
asirn,1990,91
asisr,1990,16
asjor,1990,29
asjpn,1990,1
askhm,1990,55
askor,1990,18
askwt,1990,51
aslao,1990,64
aslbn,1990,35
aslka,1990,67
asmmr,1990,86
asmng,1990,68
asmys,1990,41
asomn,1990,46
aspak,1990,72
asphl,1990,49
asqat,1990,40
assau,1990,45
assgp,1990,23
assyr,1990,71
astha,1990,44
astur,1990,38
asvnm,1990,80
asyem,1990,87
eualb,1990,54
euaut,1990,5
eubel,1990,12
eubgr,1990,27
euche,1990,2
eudeu,1990,3
eudnk,1990,9
euesp,1990,15
eufin,1990,7
eufra,1990,10
eugbr,1990,6
eugrc,1990,36
euhun,1990,20
euirl,1990,13
euita,1990,8
eunld,1990,14
eunor,1990,17
eupol,1990,24
euprt,1990,26
eurou,1990,21
euswe,1990,4
nacan,1990,25
nacri,1990,48
nadom,1990,61
nagtm,1990,50
nahnd,1990,69
najam,1990,57
namex,1990,22
nanic,1990,65
napan,1990,33
naslv,1990,30
natto,1990,37
nausa,1990,11
ocaus,1990,52
ocnzl,1990,31
saarg,1990,43
sabol,1990,79
sabra,1990,28
sachl,1990,66
sacol,1990,53
saecu,1990,82
saper,1990,62
sapry,1990,83
saury,1990,39
saven,1990,59
afago,1991,100
afciv,1991,93
afcmr,1991,98
afcod,1991,89
afcog,1991,97
afdza,1991,74
afegy,1991,66
afeth,1991,87
afgab,1991,94
afgha,1991,96
afgin,1991,95
afken,1991,80
afmar,1991,62
afmdg,1991,45
afmoz,1991,53
afmrt,1991,91
afnga,1991,99
afsdn,1991,79
afsen,1991,76
aftgo,1991,78
aftun,1991,49
aftza,1991,90
afzaf,1991,52
afzmb,1991,83
afzwe,1991,71
asare,1991,58
asbgd,1991,77
aschn,1991,31
ashkg,1991,17
asidn,1991,64
asind,1991,34
asirn,1991,92
asisr,1991,15
asjor,1991,30
asjpn,1991,1
askhm,1991,69
askor,1991,18
askwt,1991,75
aslao,1991,73
aslbn,1991,40
aslka,1991,67
asmmr,1991,88
asmng,1991,60
asmys,1991,36
asomn,1991,56
aspak,1991,70
asphl,1991,47
asqat,1991,57
assau,1991,37
assgp,1991,21
assyr,1991,68
astha,1991,43
astur,1991,38
asvnm,1991,86
asyem,1991,81
eualb,1991,55
euaut,1991,5
eubel,1991,12
eubgr,1991,27
euche,1991,2
eudeu,1991,3
eudnk,1991,9
euesp,1991,16
eufin,1991,7
eufra,1991,10
eugbr,1991,6
eugrc,1991,39
euhun,1991,20
euirl,1991,13
euita,1991,8
eunld,1991,14
eunor,1991,19
eupol,1991,24
euprt,1991,25
eurou,1991,22
euswe,1991,4
nacan,1991,26
nacri,1991,46
nadom,1991,59
nagtm,1991,50
nahnd,1991,65
najam,1991,63
namex,1991,23
nanic,1991,72
napan,1991,35
naslv,1991,32
natto,1991,33
nausa,1991,11
ocaus,1991,51
ocnzl,1991,29
saarg,1991,41
sabol,1991,82
sabra,1991,28
sachl,1991,61
sacol,1991,48
saecu,1991,84
saper,1991,54
sapry,1991,85
saury,1991,42
saven,1991,44
afago,1992,114
afciv,1992,112
afcmr,1992,113
afcod,1992,109
afcog,1992,110
afdza,1992,90
afegy,1992,70
afeth,1992,102
afgab,1992,104
afgha,1992,111
afgin,1992,105
afken,1992,99
afmar,1992,72
afmdg,1992,61
afmoz,1992,56
afmrt,1992,107
afnga,1992,115
afsdn,1992,96
afsen,1992,94
aftgo,1992,92
aftun,1992,49
aftza,1992,103
afzaf,1992,53
afzmb,1992,101
afzwe,1992,80
asare,1992,78
asaze,1992,75
asbgd,1992,86
aschn,1992,37
asgeo,1992,64
ashkg,1992,21
asidn,1992,82
asind,1992,39
asirn,1992,108
asisr,1992,17
asjor,1992,52
asjpn,1992,1
askaz,1992,79
askhm,1992,91
askor,1992,19
askwt,1992,84
aslao,1992,93
aslbn,1992,45
aslka,1992,68
asmmr,1992,106
asmng,1992,74
asmys,1992,38
asomn,1992,87
aspak,1992,85
asphl,1992,50
asqat,1992,81
assau,1992,63
assgp,1992,20
assyr,1992,88
astha,1992,40
astkm,1992,83
astur,1992,41
asuzb,1992,71
asvnm,1992,98
asyem,1992,89
eualb,1992,65
euaut,1992,5
eubel,1992,12
eubgr,1992,32
eubih,1992,25
eublr,1992,34
euche,1992,2
eudeu,1992,3
eudnk,1992,9
euesp,1992,16
euest,1992,42
eufin,1992,7
eufra,1992,10
eugbr,1992,6
eugrc,1992,46
euhrv,1992,18
euhun,1992,23
euirl,1992,14
euita,1992,8
eultu,1992,44
eulva,1992,58
eumda,1992,29
eunld,1992,15
eunor,1992,22
eupol,1992,30
euprt,1992,26
eurou,1992,27
eurus,1992,60
eusvn,1992,13
euswe,1992,4
euukr,1992,47
nacan,1992,28
nacri,1992,51
nadom,1992,66
nagtm,1992,59
nahnd,1992,73
najam,1992,67
namex,1992,24
nanic,1992,77
napan,1992,35
naslv,1992,33
natto,1992,43
nausa,1992,11
ocaus,1992,62
ocnzl,1992,36
saarg,1992,55
sabol,1992,95
sabra,1992,31
sachl,1992,76
sacol,1992,54
saecu,1992,100
saper,1992,69
sapry,1992,97
saury,1992,48
saven,1992,57
afago,1993,114
afciv,1993,116
afcmr,1993,117
afcod,1993,111
afcog,1993,112
afdza,1993,90
afegy,1993,74
afeth,1993,94
afgab,1993,113
afgha,1993,115
afgin,1993,109
afken,1993,99
afmar,1993,80
afmdg,1993,105
afmoz,1993,66
afmrt,1993,106
afnga,1993,118
afsdn,1993,102
afsen,1993,96
aftgo,1993,89
aftun,1993,60
aftza,1993,107
afzaf,1993,53
afzmb,1993,101
afzwe,1993,85
asare,1993,78
asaze,1993,63
asbgd,1993,93
aschn,1993,41
asgeo,1993,57
ashkg,1993,28
asidn,1993,81
asind,1993,52
asirn,1993,110
asisr,1993,18
asjor,1993,55
asjpn,1993,1
askaz,1993,65
askhm,1993,103
askor,1993,24
askwt,1993,75
aslao,1993,91
aslbn,1993,49
aslka,1993,79
asmmr,1993,108
asmng,1993,69
asmys,1993,47
asomn,1993,88
aspak,1993,87
asphl,1993,64
asqat,1993,84
assau,1993,68
assgp,1993,21
assyr,1993,95
astha,1993,43
astkm,1993,92
astur,1993,50
asuzb,1993,71
asvnm,1993,104
asyem,1993,86
eualb,1993,67
euaut,1993,5
eubel,1993,12
eubgr,1993,35
eubih,1993,26
eublr,1993,33
euche,1993,2
eucze,1993,16
eudeu,1993,3
eudnk,1993,11
euesp,1993,17
euest,1993,40
eufin,1993,7
eufra,1993,10
eugbr,1993,6
eugrc,1993,48
euhrv,1993,20
euhun,1993,22
euirl,1993,13
euita,1993,9
eultu,1993,42
eulva,1993,59
eumda,1993,31
eumkd,1993,36
eunld,1993,15
eunor,1993,23
eupol,1993,30
euprt,1993,32
eurou,1993,29
eurus,1993,51
eusvk,1993,19
eusvn,1993,14
euswe,1993,4
euukr,1993,46
nacan,1993,27
nacri,1993,58
nadom,1993,82
nagtm,1993,62
nahnd,1993,83
najam,1993,76
namex,1993,25
nanic,1993,73
napan,1993,44
naslv,1993,39
natto,1993,38
nausa,1993,8
ocaus,1993,56
ocnzl,1993,37
saarg,1993,54
sabol,1993,97
sabra,1993,34
sachl,1993,72
sacol,1993,61
saecu,1993,98
saper,1993,77
sapry,1993,100
saury,1993,45
saven,1993,70
afago,1994,110
afciv,1994,114
afcmr,1994,117
afcod,1994,112
afcog,1994,113
afdza,1994,86
afegy,1994,74
afeth,1994,90
afgab,1994,115
afgha,1994,116
afgin,1994,109
afken,1994,92
afmar,1994,88
afmdg,1994,103
afmoz,1994,69
afmrt,1994,106
afnga,1994,118
afsdn,1994,96
afsen,1994,104
aftgo,1994,111
aftun,1994,62
aftza,1994,105
afzaf,1994,47
afzmb,1994,102
afzwe,1994,77
asare,1994,75
asaze,1994,67
asbgd,1994,98
aschn,1994,48
asgeo,1994,56
ashkg,1994,29
asidn,1994,78
asind,1994,57
asirn,1994,107
asisr,1994,19
asjor,1994,53
asjpn,1994,1
askaz,1994,65
askhm,1994,100
askor,1994,22
askwt,1994,80
aslao,1994,89
aslbn,1994,43
aslka,1994,87
asmmr,1994,108
asmng,1994,76
asmys,1994,52
asomn,1994,73
aspak,1994,94
asphl,1994,60
asqat,1994,71
assau,1994,41
assgp,1994,20
assyr,1994,91
astha,1994,46
astkm,1994,97
astur,1994,51
asuzb,1994,82
asvnm,1994,101
asyem,1994,83
eualb,1994,66
euaut,1994,5
eubel,1994,12
eubgr,1994,35
eubih,1994,27
eublr,1994,33
euche,1994,3
eucze,1994,14
eudeu,1994,2
eudnk,1994,9
euesp,1994,18
euest,1994,38
eufin,1994,6
eufra,1994,11
eugbr,1994,7
eugrc,1994,54
euhrv,1994,26
euhun,1994,21
euirl,1994,13
euita,1994,10
eultu,1994,49
eulva,1994,63
eumda,1994,36
eumkd,1994,39
eunld,1994,16
eunor,1994,23
eupol,1994,28
euprt,1994,34
eurou,1994,31
eurus,1994,50
eusvk,1994,17
eusvn,1994,15
euswe,1994,4
euukr,1994,45
nacan,1994,25
nacri,1994,64
nadom,1994,84
nagtm,1994,59
nahnd,1994,85
najam,1994,81
namex,1994,24
nanic,1994,72
napan,1994,44
naslv,1994,42
natto,1994,40
nausa,1994,8
ocaus,1994,55
ocnzl,1994,32
saarg,1994,58
sabol,1994,95
sabra,1994,30
sachl,1994,70
sacol,1994,61
saecu,1994,99
saper,1994,79
sapry,1994,93
saury,1994,37
saven,1994,68
afago,1995,117
afciv,1995,114
afcmr,1995,116
afcod,1995,110
afcog,1995,113
afdza,1995,90
afegy,1995,74
afeth,1995,105
afgab,1995,111
afgha,1995,115
afgin,1995,109
afken,1995,80
afmar,1995,81
afmdg,1995,104
afmoz,1995,75
afmrt,1995,106
afnga,1995,118
afsdn,1995,98
afsen,1995,92
aftgo,1995,112
aftun,1995,65
aftza,1995,108
afzaf,1995,45
afzmb,1995,94
afzwe,1995,70
asare,1995,71
asaze,1995,68
asbgd,1995,97
aschn,1995,42
asgeo,1995,33
ashkg,1995,29
asidn,1995,72
asind,1995,48
asirn,1995,100
asisr,1995,19
asjor,1995,61
asjpn,1995,1
askaz,1995,51
askhm,1995,101
askor,1995,22
askwt,1995,95
aslao,1995,93
aslbn,1995,52
aslka,1995,86
asmmr,1995,107
asmng,1995,77
asmys,1995,40
asomn,1995,85
aspak,1995,91
asphl,1995,64
asqat,1995,82
assau,1995,54
assgp,1995,20
assyr,1995,96
astha,1995,44
astkm,1995,88
astur,1995,46
asuzb,1995,87
asvnm,1995,99
asyem,1995,102
eualb,1995,69
euaut,1995,5
eubel,1995,12
eubgr,1995,37
eubih,1995,28
eublr,1995,31
euche,1995,3
eucze,1995,13
eudeu,1995,2
eudnk,1995,11
euesp,1995,18
euest,1995,34
eufin,1995,6
eufra,1995,9
eugbr,1995,7
eugrc,1995,57
euhrv,1995,24
euhun,1995,21
euirl,1995,16
euita,1995,10
eultu,1995,49
eulva,1995,53
eumda,1995,39
eumkd,1995,41
eunld,1995,15
eunor,1995,26
eupol,1995,27
euprt,1995,36
eurou,1995,32
eurus,1995,43
eusvk,1995,17
eusvn,1995,14
euswe,1995,4
euukr,1995,50
nacan,1995,23
nacri,1995,67
nadom,1995,76
nagtm,1995,58
nahnd,1995,84
najam,1995,83
namex,1995,25
nanic,1995,78
napan,1995,47
naslv,1995,59
natto,1995,60
nausa,1995,8
ocaus,1995,55
ocnzl,1995,35
saarg,1995,56
sabol,1995,89
sabra,1995,30
sachl,1995,66
sacol,1995,62
saecu,1995,103
saper,1995,73
sapry,1995,79
saury,1995,38
saven,1995,63
afago,1996,117
afciv,1996,108
afcmr,1996,116
afcod,1996,112
afcog,1996,94
afdza,1996,86
afegy,1996,75
afeth,1996,105
afgab,1996,106
afgha,1996,115
afgin,1996,114
afken,1996,79
afmar,1996,89
afmdg,1996,104
afmoz,1996,92
afmrt,1996,111
afnga,1996,118
afsdn,1996,99
afsen,1996,103
aftgo,1996,110
aftun,1996,74
aftza,1996,109
afzaf,1996,48
afzmb,1996,96
afzwe,1996,66
asare,1996,72
asaze,1996,42
asbgd,1996,100
aschn,1996,46
asgeo,1996,36
ashkg,1996,34
asidn,1996,71
asind,1996,52
asirn,1996,95
asisr,1996,20
asjor,1996,58
asjpn,1996,1
askaz,1996,40
askhm,1996,98
askor,1996,21
askwt,1996,82
aslao,1996,78
aslbn,1996,60
aslka,1996,91
asmmr,1996,107
asmng,1996,81
asmys,1996,39
asomn,1996,77
aspak,1996,93
asphl,1996,68
asqat,1996,80
assau,1996,56
assgp,1996,19
assyr,1996,102
astha,1996,50
astkm,1996,90
astur,1996,55
asuzb,1996,69
asvnm,1996,97
asyem,1996,113
eualb,1996,70
euaut,1996,5
eubel,1996,12
eubgr,1996,37
eubih,1996,29
eublr,1996,28
euche,1996,3
eucze,1996,13
eudeu,1996,2
eudnk,1996,11
euesp,1996,18
euest,1996,31
eufin,1996,6
eufra,1996,10
eugbr,1996,8
eugrc,1996,53
euhrv,1996,26
euhun,1996,22
euirl,1996,15
euita,1996,9
eultu,1996,44
eulva,1996,45
eumda,1996,47
eumkd,1996,49
eunld,1996,16
eunor,1996,24
eupol,1996,25
euprt,1996,35
eurou,1996,33
eurus,1996,41
eusvk,1996,17
eusvn,1996,14
euswe,1996,4
euukr,1996,30
nacan,1996,23
nacri,1996,67
nadom,1996,76
nagtm,1996,63
nahnd,1996,85
najam,1996,87
namex,1996,27
nanic,1996,88
napan,1996,59
naslv,1996,64
natto,1996,51
nausa,1996,7
ocaus,1996,54
ocnzl,1996,38
saarg,1996,57
sabol,1996,84
sabra,1996,32
sachl,1996,65
sacol,1996,61
saecu,1996,101
saper,1996,73
sapry,1996,83
saury,1996,43
saven,1996,62
afago,1997,117
afciv,1997,112
afcmr,1997,116
afcod,1997,113
afcog,1997,110
afdza,1997,93
afegy,1997,77
afeth,1997,111
afgab,1997,114
afgha,1997,109
afgin,1997,115
afken,1997,82
afmar,1997,89
afmdg,1997,104
afmoz,1997,78
afmrt,1997,105
afnga,1997,118
afsdn,1997,98
afsen,1997,95
aftgo,1997,103
aftun,1997,76
aftza,1997,106
afzaf,1997,43
afzmb,1997,97
afzwe,1997,71
asare,1997,68
asaze,1997,38
asbgd,1997,102
aschn,1997,41
asgeo,1997,45
ashkg,1997,33
asidn,1997,70
asind,1997,52
asirn,1997,90
asisr,1997,20
asjor,1997,54
asjpn,1997,1
askaz,1997,48
askhm,1997,101
askor,1997,19
askwt,1997,75
aslao,1997,80
aslbn,1997,55
aslka,1997,92
asmmr,1997,107
asmng,1997,83
asmys,1997,37
asomn,1997,86
aspak,1997,94
asphl,1997,66
asqat,1997,88
assau,1997,64
assgp,1997,21
assyr,1997,100
astha,1997,49
astkm,1997,79
astur,1997,53
asuzb,1997,69
asvnm,1997,96
asyem,1997,108
eualb,1997,72
euaut,1997,5
eubel,1997,12
eubgr,1997,31
eubih,1997,32
eublr,1997,34
euche,1997,3
eucze,1997,13
eudeu,1997,2
eudnk,1997,11
euesp,1997,18
euest,1997,30
eufin,1997,6
eufra,1997,9
eugbr,1997,8
eugrc,1997,50
euhrv,1997,27
euhun,1997,22
euirl,1997,14
euita,1997,10
eultu,1997,42
eulva,1997,44
eumda,1997,47
eumkd,1997,51
eunld,1997,16
eunor,1997,24
eupol,1997,25
euprt,1997,39
eurou,1997,36
eurus,1997,35
eusvk,1997,17
eusvn,1997,15
euswe,1997,4
euukr,1997,29
nacan,1997,23
nacri,1997,62
nadom,1997,73
nagtm,1997,65
nahnd,1997,87
najam,1997,84
namex,1997,26
nanic,1997,81
napan,1997,60
naslv,1997,61
natto,1997,57
nausa,1997,7
ocaus,1997,59
ocnzl,1997,40
saarg,1997,56
sabol,1997,91
sabra,1997,28
sachl,1997,67
sacol,1997,58
saecu,1997,99
saper,1997,74
sapry,1997,85
saury,1997,46
saven,1997,63
afago,1998,115
afciv,1998,108
afcmr,1998,117
afcod,1998,110
afcog,1998,106
afdza,1998,94
afegy,1998,74
afeth,1998,111
afgab,1998,114
afgha,1998,105
afgin,1998,116
afken,1998,84
afmar,1998,92
afmdg,1998,103
afmoz,1998,83
afmrt,1998,102
afnga,1998,118
afsdn,1998,104
afsen,1998,98
aftgo,1998,99
aftun,1998,72
aftza,1998,109
afzaf,1998,45
afzmb,1998,96
afzwe,1998,73
asare,1998,69
asaze,1998,39
asbgd,1998,101
aschn,1998,43
asgeo,1998,48
ashkg,1998,41
asidn,1998,68
asind,1998,52
asirn,1998,90
asisr,1998,18
asjor,1998,49
asjpn,1998,1
askaz,1998,51
askhm,1998,112
askor,1998,21
askwt,1998,78
aslao,1998,80
aslbn,1998,61
aslka,1998,86
asmmr,1998,107
asmng,1998,88
asmys,1998,37
asomn,1998,75
aspak,1998,95
asphl,1998,70
asqat,1998,85
assau,1998,44
assgp,1998,19
assyr,1998,100
astha,1998,50
astkm,1998,93
astur,1998,56
asuzb,1998,65
asvnm,1998,91
asyem,1998,113
eualb,1998,71
euaut,1998,6
eubel,1998,12
eubgr,1998,35
eubih,1998,33
eublr,1998,29
euche,1998,2
eucze,1998,14
eudeu,1998,3
eudnk,1998,10
euesp,1998,20
euest,1998,32
eufin,1998,5
eufra,1998,9
eugbr,1998,7
eugrc,1998,47
euhrv,1998,27
euhun,1998,24
euirl,1998,11
euita,1998,13
eultu,1998,40
eulva,1998,42
eumda,1998,54
eumkd,1998,55
eunld,1998,16
eunor,1998,23
eupol,1998,25
euprt,1998,36
eurou,1998,34
eurus,1998,31
eusvk,1998,17
eusvn,1998,15
euswe,1998,4
euukr,1998,28
nacan,1998,22
nacri,1998,66
nadom,1998,79
nagtm,1998,67
nahnd,1998,89
najam,1998,81
namex,1998,26
nanic,1998,87
napan,1998,59
naslv,1998,62
natto,1998,53
nausa,1998,8
ocaus,1998,58
ocnzl,1998,38
saarg,1998,57
sabol,1998,82
sabra,1998,30
sachl,1998,64
sacol,1998,63
saecu,1998,97
saper,1998,76
sapry,1998,77
saury,1998,46
saven,1998,60
afago,1999,115
afciv,1999,110
afcmr,1999,117
afcod,1999,113
afcog,1999,112
afdza,1999,86
afegy,1999,72
afeth,1999,102
afgab,1999,104
afgha,1999,111
afgin,1999,116
afken,1999,79
afmar,1999,84
afmdg,1999,103
afmoz,1999,65
afmrt,1999,87
afnga,1999,118
afsdn,1999,105
afsen,1999,97
aftgo,1999,109
aftun,1999,71
aftza,1999,106
afzaf,1999,42
afzmb,1999,99
afzwe,1999,78
asare,1999,70
asaze,1999,51
asbgd,1999,101
aschn,1999,45
asgeo,1999,44
ashkg,1999,38
asidn,1999,67
asind,1999,47
asirn,1999,94
asisr,1999,19
asjor,1999,46
asjpn,1999,1
askaz,1999,66
askhm,1999,108
askor,1999,20
askwt,1999,77
aslao,1999,92
aslbn,1999,62
aslka,1999,80
asmmr,1999,107
asmng,1999,95
asmys,1999,33
asomn,1999,81
aspak,1999,91
asphl,1999,69
asqat,1999,96
assau,1999,52
assgp,1999,16
assyr,1999,100
astha,1999,43
astkm,1999,93
astur,1999,53
asuzb,1999,75
asvnm,1999,88
asyem,1999,114
eualb,1999,73
euaut,1999,8
eubel,1999,13
eubgr,1999,36
eubih,1999,35
eublr,1999,29
euche,1999,3
eucze,1999,12
eudeu,1999,2
eudnk,1999,9
euesp,1999,21
euest,1999,32
eufin,1999,6
eufra,1999,10
eugbr,1999,5
eugrc,1999,50
euhrv,1999,27
euhun,1999,26
euirl,1999,14
euita,1999,11
eultu,1999,40
eulva,1999,39
eumda,1999,61
eumkd,1999,58
eunld,1999,17
eunor,1999,23
eupol,1999,24
euprt,1999,37
eurou,1999,34
eurus,1999,30
eusvk,1999,18
eusvn,1999,15
euswe,1999,4
euukr,1999,31
nacan,1999,22
nacri,1999,63
nadom,1999,85
nagtm,1999,68
nahnd,1999,83
najam,1999,82
namex,1999,25
nanic,1999,90
napan,1999,57
naslv,1999,59
natto,1999,54
nausa,1999,7
ocaus,1999,60
ocnzl,1999,41
saarg,1999,56
sabol,1999,89
sabra,1999,28
sachl,1999,64
sacol,1999,55
saecu,1999,98
saper,1999,74
sapry,1999,76
saury,1999,49
saven,1999,48
afago,2000,117
afbwa,2000,75
afciv,2000,107
afcmr,2000,119
afcod,2000,111
afcog,2000,114
afdza,2000,97
afegy,2000,72
afeth,2000,105
afgab,2000,109
afgha,2000,112
afgin,2000,118
afken,2000,81
afmar,2000,86
afmdg,2000,108
afmoz,2000,70
afmrt,2000,89
afnam,2000,92
afnga,2000,120
afsdn,2000,115
afsen,2000,91
aftgo,2000,99
aftun,2000,71
aftza,2000,110
afzaf,2000,46
afzmb,2000,100
afzwe,2000,76
asare,2000,74
asaze,2000,63
asbgd,2000,102
aschn,2000,40
asgeo,2000,44
ashkg,2000,36
asidn,2000,65
asind,2000,45
asirn,2000,98
asisr,2000,19
asjor,2000,43
asjpn,2000,1
askaz,2000,68
askhm,2000,106
askor,2000,20
askwt,2000,73
aslao,2000,104
aslbn,2000,54
aslka,2000,78
asmmr,2000,113
asmng,2000,88
asmys,2000,28
asomn,2000,84
aspak,2000,94
asphl,2000,60
asqat,2000,80
assau,2000,64
assgp,2000,11
assyr,2000,103
astha,2000,38
astkm,2000,101
astur,2000,52
asuzb,2000,85
asvnm,2000,87
asyem,2000,116
eualb,2000,69
euaut,2000,8
eubel,2000,15
eubgr,2000,37
eubih,2000,39
eublr,2000,30
euche,2000,3
eucze,2000,12
eudeu,2000,2
eudnk,2000,9
euesp,2000,21
euest,2000,33
eufin,2000,7
eufra,2000,10
eugbr,2000,4
eugrc,2000,48
euhrv,2000,27
euhun,2000,25
euirl,2000,14
euita,2000,13
eultu,2000,41
eulva,2000,47
eumda,2000,62
eumkd,2000,56
eunld,2000,17
eunor,2000,26
eupol,2000,23
euprt,2000,32
eurou,2000,35
eurus,2000,31
eusvk,2000,18
eusvn,2000,16
euswe,2000,5
euukr,2000,34
nacan,2000,24
nacri,2000,59
nadom,2000,79
nagtm,2000,67
nahnd,2000,83
najam,2000,90
namex,2000,22
nanic,2000,95
napan,2000,51
naslv,2000,61
natto,2000,55
nausa,2000,6
ocaus,2000,58
ocnzl,2000,42
saarg,2000,53
sabol,2000,93
sabra,2000,29
sachl,2000,66
sacol,2000,50
saecu,2000,96
saper,2000,77
sapry,2000,82
saury,2000,49
saven,2000,57
afago,2001,117
afbwa,2001,93
afciv,2001,106
afcmr,2001,119
afcod,2001,109
afcog,2001,113
afdza,2001,98
afegy,2001,71
afeth,2001,102
afgab,2001,99
afgha,2001,111
afgin,2001,118
afken,2001,77
afmar,2001,84
afmdg,2001,107
afmoz,2001,88
afmrt,2001,90
afnam,2001,87
afnga,2001,120
afsdn,2001,115
afsen,2001,97
aftgo,2001,78
aftun,2001,67
aftza,2001,112
afzaf,2001,52
afzmb,2001,108
afzwe,2001,73
asare,2001,72
asaze,2001,80
asbgd,2001,103
aschn,2001,38
asgeo,2001,44
ashkg,2001,29
asidn,2001,57
asind,2001,41
asirn,2001,95
asisr,2001,20
asjor,2001,42
asjpn,2001,1
askaz,2001,68
askhm,2001,105
askor,2001,18
askwt,2001,70
aslao,2001,100
aslbn,2001,53
aslka,2001,79
asmmr,2001,114
asmng,2001,86
asmys,2001,30
asomn,2001,101
aspak,2001,91
asphl,2001,63
asqat,2001,74
assau,2001,58
assgp,2001,13
assyr,2001,104
astha,2001,37
astkm,2001,110
astur,2001,51
asuzb,2001,92
asvnm,2001,83
asyem,2001,116
eualb,2001,59
euaut,2001,8
eubel,2001,16
eubgr,2001,39
eubih,2001,40
eublr,2001,26
euche,2001,2
eucze,2001,12
eudeu,2001,3
eudnk,2001,10
euesp,2001,21
euest,2001,31
eufin,2001,6
eufra,2001,9
eugbr,2001,5
eugrc,2001,45
euhrv,2001,28
euhun,2001,22
euirl,2001,14
euita,2001,11
eultu,2001,46
eulva,2001,47
eumda,2001,61
eumkd,2001,56
eunld,2001,19
eunor,2001,27
eupol,2001,23
euprt,2001,33
eurou,2001,36
eurus,2001,32
eusvk,2001,17
eusvn,2001,15
euswe,2001,4
euukr,2001,35
nacan,2001,25
nacri,2001,60
nadom,2001,75
nagtm,2001,69
nahnd,2001,85
najam,2001,81
namex,2001,24
nanic,2001,89
napan,2001,49
naslv,2001,65
natto,2001,55
nausa,2001,7
ocaus,2001,62
ocnzl,2001,43
saarg,2001,54
sabol,2001,96
sabra,2001,34
sachl,2001,64
sacol,2001,48
saecu,2001,94
saper,2001,76
sapry,2001,82
saury,2001,50
saven,2001,66
afago,2002,120
afbwa,2002,86
afciv,2002,109
afcmr,2002,117
afcod,2002,107
afcog,2002,114
afdza,2002,93
afegy,2002,73
afeth,2002,99
afgab,2002,112
afgha,2002,108
afgin,2002,118
afken,2002,83
afmar,2002,85
afmdg,2002,110
afmoz,2002,101
afmrt,2002,102
afnam,2002,84
afnga,2002,119
afsdn,2002,115
afsen,2002,97
aftgo,2002,74
aftun,2002,67
aftza,2002,113
afzaf,2002,52
afzmb,2002,103
afzwe,2002,77
asare,2002,71
asaze,2002,75
asbgd,2002,104
aschn,2002,38
asgeo,2002,47
ashkg,2002,30
asidn,2002,55
asind,2002,41
asirn,2002,95
asisr,2002,21
asjor,2002,66
asjpn,2002,1
askaz,2002,68
askhm,2002,105
askor,2002,17
askwt,2002,69
aslao,2002,91
aslbn,2002,54
aslka,2002,81
asmmr,2002,111
asmng,2002,89
asmys,2002,26
asomn,2002,98
aspak,2002,87
asphl,2002,58
asqat,2002,70
assau,2002,60
assgp,2002,9
assyr,2002,106
astha,2002,37
astkm,2002,100
astur,2002,51
asuzb,2002,88
asvnm,2002,80
asyem,2002,116
eualb,2002,56
euaut,2002,8
eubel,2002,16
eubgr,2002,39
eubih,2002,40
eublr,2002,27
euche,2002,3
eucze,2002,11
eudeu,2002,2
eudnk,2002,13
euesp,2002,20
euest,2002,33
eufin,2002,7
eufra,2002,10
eugbr,2002,5
eugrc,2002,43
euhrv,2002,29
euhun,2002,22
euirl,2002,12
euita,2002,14
eultu,2002,46
eulva,2002,44
eumda,2002,57
eumkd,2002,61
eunld,2002,19
eunor,2002,28
eupol,2002,24
euprt,2002,31
eurou,2002,35
eurus,2002,32
eusvk,2002,18
eusvn,2002,15
euswe,2002,4
euukr,2002,34
nacan,2002,25
nacri,2002,48
nadom,2002,78
nagtm,2002,72
nahnd,2002,90
najam,2002,82
namex,2002,23
nanic,2002,92
napan,2002,50
naslv,2002,65
natto,2002,49
nausa,2002,6
ocaus,2002,62
ocnzl,2002,42
saarg,2002,59
sabol,2002,94
sabra,2002,36
sachl,2002,64
sacol,2002,45
saecu,2002,96
saper,2002,76
sapry,2002,79
saury,2002,53
saven,2002,63
afago,2003,120
afbwa,2003,93
afciv,2003,110
afcmr,2003,115
afcod,2003,105
afcog,2003,113
afdza,2003,97
afegy,2003,73
afeth,2003,98
afgab,2003,118
afgha,2003,112
afgin,2003,117
afken,2003,82
afmar,2003,90
afmdg,2003,108
afmoz,2003,109
afmrt,2003,102
afnam,2003,80
afnga,2003,119
afsdn,2003,116
afsen,2003,101
aftgo,2003,86
aftun,2003,70
aftza,2003,107
afzaf,2003,49
afzmb,2003,104
afzwe,2003,71
asare,2003,68
asaze,2003,72
asbgd,2003,106
aschn,2003,35
asgeo,2003,44
ashkg,2003,31
asidn,2003,57
asind,2003,46
asirn,2003,95
asisr,2003,21
asjor,2003,66
asjpn,2003,1
askaz,2003,64
askhm,2003,103
askor,2003,17
askwt,2003,67
aslao,2003,94
aslbn,2003,61
aslka,2003,83
asmmr,2003,111
asmng,2003,87
asmys,2003,27
asomn,2003,88
aspak,2003,89
asphl,2003,56
asqat,2003,75
assau,2003,50
assgp,2003,12
assyr,2003,99
astha,2003,37
astkm,2003,100
astur,2003,45
asuzb,2003,76
asvnm,2003,84
asyem,2003,114
eualb,2003,59
euaut,2003,8
eubel,2003,15
eubgr,2003,39
eubih,2003,43
eublr,2003,28
euche,2003,3
eucze,2003,11
eudeu,2003,2
eudnk,2003,13
euesp,2003,22
euest,2003,32
eufin,2003,7
eufra,2003,10
eugbr,2003,5
eugrc,2003,42
euhrv,2003,30
euhun,2003,20
euirl,2003,9
euita,2003,16
eultu,2003,47
eulva,2003,40
eumda,2003,53
eumkd,2003,69
eunld,2003,18
eunor,2003,26
eupol,2003,25
euprt,2003,33
eurou,2003,38
eurus,2003,29
eusvk,2003,19
eusvn,2003,14
euswe,2003,4
euukr,2003,34
nacan,2003,24
nacri,2003,55
nadom,2003,77
nagtm,2003,74
nahnd,2003,85
najam,2003,79
namex,2003,23
nanic,2003,92
napan,2003,54
naslv,2003,65
natto,2003,52
nausa,2003,6
ocaus,2003,60
ocnzl,2003,41
saarg,2003,58
sabol,2003,91
sabra,2003,36
sachl,2003,63
sacol,2003,48
saecu,2003,96
saper,2003,78
sapry,2003,81
saury,2003,51
saven,2003,62
afago,2004,88
afbwa,2004,89
afciv,2004,110
afcmr,2004,117
afcod,2004,106
afcog,2004,115
afdza,2004,103
afegy,2004,74
afeth,2004,105
afgab,2004,101
afgha,2004,114
afgin,2004,112
afken,2004,87
afmar,2004,84
afmdg,2004,108
afmoz,2004,113
afmrt,2004,116
afnam,2004,86
afnga,2004,120
afsdn,2004,119
afsen,2004,96
aftgo,2004,90
aftun,2004,71
aftza,2004,107
afzaf,2004,50
afzmb,2004,99
afzwe,2004,76
asare,2004,62
asaze,2004,81
asbgd,2004,109
aschn,2004,35
asgeo,2004,68
ashkg,2004,31
asidn,2004,61
asind,2004,47
asirn,2004,97
asisr,2004,21
asjor,2004,52
asjpn,2004,1
askaz,2004,70
askhm,2004,104
askor,2004,17
askwt,2004,64
aslao,2004,102
aslbn,2004,56
aslka,2004,80
asmmr,2004,111
asmng,2004,95
asmys,2004,26
asomn,2004,78
aspak,2004,92
asphl,2004,58
asqat,2004,49
assau,2004,46
assgp,2004,9
assyr,2004,94
astha,2004,36
astkm,2004,100
astur,2004,45
asuzb,2004,77
asvnm,2004,85
asyem,2004,118
eualb,2004,65
euaut,2004,6
eubel,2004,16
eubgr,2004,40
eubih,2004,38
eublr,2004,27
euche,2004,4
eucze,2004,12
eudeu,2004,2
eudnk,2004,14
euesp,2004,22
euest,2004,32
eufin,2004,7
eufra,2004,11
eugbr,2004,5
eugrc,2004,43
euhrv,2004,29
euhun,2004,20
euirl,2004,13
euita,2004,15
eultu,2004,44
eulva,2004,41
eumda,2004,57
eumkd,2004,60
eunld,2004,19
eunor,2004,28
eupol,2004,24
euprt,2004,33
eurou,2004,39
eurus,2004,30
eusvk,2004,18
eusvn,2004,10
euswe,2004,3
euukr,2004,34
nacan,2004,25
nacri,2004,55
nadom,2004,73
nagtm,2004,75
nahnd,2004,79
najam,2004,72
namex,2004,23
nanic,2004,91
napan,2004,51
naslv,2004,63
natto,2004,53
nausa,2004,8
ocaus,2004,69
ocnzl,2004,42
saarg,2004,54
sabol,2004,98
sabra,2004,37
sachl,2004,67
sacol,2004,48
saecu,2004,93
saper,2004,83
sapry,2004,82
saury,2004,59
saven,2004,66
afago,2005,88
afbwa,2005,94
afciv,2005,109
afcmr,2005,118
afcod,2005,114
afcog,2005,117
afdza,2005,103
afegy,2005,74
afeth,2005,102
afgab,2005,113
afgha,2005,115
afgin,2005,111
afken,2005,82
afmar,2005,78
afmdg,2005,108
afmoz,2005,106
afmrt,2005,110
afnam,2005,91
afnga,2005,120
afsdn,2005,119
afsen,2005,92
aftgo,2005,95
aftun,2005,66
aftza,2005,105
afzaf,2005,46
afzmb,2005,101
afzwe,2005,76
asare,2005,61
asaze,2005,86
asbgd,2005,107
aschn,2005,35
asgeo,2005,67
ashkg,2005,33
asidn,2005,56
asind,2005,47
asirn,2005,98
asisr,2005,21
asjor,2005,57
asjpn,2005,1
askaz,2005,70
askhm,2005,104
askor,2005,14
askwt,2005,72
aslao,2005,97
aslbn,2005,48
aslka,2005,80
asmmr,2005,112
asmng,2005,100
asmys,2005,27
asomn,2005,90
aspak,2005,89
asphl,2005,63
asqat,2005,53
assau,2005,59
assgp,2005,9
assyr,2005,85
astha,2005,36
astkm,2005,99
astur,2005,44
asuzb,2005,77
asvnm,2005,83
asyem,2005,116
eualb,2005,69
euaut,2005,7
eubel,2005,18
eubgr,2005,41
eubih,2005,38
eublr,2005,25
euche,2005,3
eucze,2005,10
eudeu,2005,2
eudnk,2005,13
euesp,2005,22
euest,2005,30
eufin,2005,5
eufra,2005,12
eugbr,2005,6
eugrc,2005,45
euhrv,2005,29
euhun,2005,20
euirl,2005,16
euita,2005,15
eultu,2005,43
eulva,2005,39
eumda,2005,58
eumkd,2005,62
eunld,2005,19
eunor,2005,28
eupol,2005,24
euprt,2005,31
eurou,2005,40
eurus,2005,34
eusvk,2005,17
eusvn,2005,11
euswe,2005,4
euukr,2005,32
nacan,2005,26
nacri,2005,55
nadom,2005,75
nagtm,2005,71
nahnd,2005,84
najam,2005,73
namex,2005,23
nanic,2005,93
napan,2005,50
naslv,2005,60
natto,2005,52
nausa,2005,8
ocaus,2005,68
ocnzl,2005,42
saarg,2005,51
sabol,2005,96
sabra,2005,37
sachl,2005,65
sacol,2005,49
saecu,2005,87
saper,2005,81
sapry,2005,79
saury,2005,54
saven,2005,64
afago,2006,92
afbwa,2006,97
afciv,2006,114
afcmr,2006,119
afcod,2006,115
afcog,2006,117
afdza,2006,90
afegy,2006,72
afeth,2006,103
afgab,2006,113
afgha,2006,110
afgin,2006,109
afken,2006,87
afmar,2006,80
afmdg,2006,104
afmoz,2006,111
afmrt,2006,118
afnam,2006,94
afnga,2006,121
afsdn,2006,120
afsen,2006,93
aftgo,2006,100
aftun,2006,61
aftza,2006,106
afzaf,2006,46
afzmb,2006,105
afzwe,2006,76
asare,2006,53
asaze,2006,102
asbgd,2006,107
aschn,2006,35
asgeo,2006,74
ashkg,2006,34
asidn,2006,60
asind,2006,49
asirn,2006,91
asisr,2006,22
asjor,2006,54
asjpn,2006,1
askaz,2006,70
askhm,2006,108
askor,2006,10
askwt,2006,65
aslao,2006,98
aslbn,2006,48
aslka,2006,79
asmmr,2006,112
asmng,2006,101
asmys,2006,28
asomn,2006,82
aspak,2006,85
asphl,2006,56
asqat,2006,67
assau,2006,63
assgp,2006,13
assyr,2006,86
astha,2006,42
astkm,2006,89
astur,2006,44
asuzb,2006,78
asvnm,2006,81
asyem,2006,116
eualb,2006,75
euaut,2006,6
eubel,2006,19
eubgr,2006,43
eubih,2006,38
eublr,2006,25
euche,2006,3
eucze,2006,9
eudeu,2006,2
eudnk,2006,14
euesp,2006,23
euest,2006,30
eufin,2006,5
eufra,2006,11
eugbr,2006,7
eugrc,2006,47
euhrv,2006,27
euhun,2006,18
euirl,2006,15
euita,2006,16
eultu,2006,41
eulva,2006,37
eumda,2006,62
eumkd,2006,68
eunld,2006,21
eunor,2006,29
eupol,2006,24
euprt,2006,31
eurou,2006,39
eurus,2006,33
eusrb,2006,32
eusvk,2006,17
eusvn,2006,12
euswe,2006,4
euukr,2006,36
nacan,2006,26
nacri,2006,58
nadom,2006,71
nagtm,2006,73
nahnd,2006,88
najam,2006,77
namex,2006,20
nanic,2006,99
napan,2006,50
naslv,2006,59
natto,2006,57
nausa,2006,8
ocaus,2006,64
ocnzl,2006,45
saarg,2006,51
sabol,2006,96
sabra,2006,40
sachl,2006,69
sacol,2006,52
saecu,2006,95
saper,2006,83
sapry,2006,84
saury,2006,55
saven,2006,66
afago,2007,119
afbwa,2007,95
afciv,2007,113
afcmr,2007,116
afcod,2007,108
afcog,2007,118
afdza,2007,88
afegy,2007,68
afeth,2007,107
afgab,2007,101
afgha,2007,104
afgin,2007,115
afken,2007,87
afmar,2007,82
afmdg,2007,105
afmoz,2007,112
afmrt,2007,117
afnam,2007,100
afnga,2007,120
afsdn,2007,121
afsen,2007,94
aftgo,2007,96
aftun,2007,56
aftza,2007,109
afzaf,2007,50
afzmb,2007,99
afzwe,2007,81
asare,2007,57
asaze,2007,106
asbgd,2007,102
aschn,2007,34
asgeo,2007,71
ashkg,2007,39
asidn,2007,61
asind,2007,49
asirn,2007,90
asisr,2007,21
asjor,2007,52
asjpn,2007,1
askaz,2007,74
askhm,2007,110
askor,2007,10
askwt,2007,76
aslao,2007,91
aslbn,2007,46
aslka,2007,78
asmmr,2007,111
asmng,2007,103
asmys,2007,27
asomn,2007,72
aspak,2007,83
asphl,2007,51
asqat,2007,59
assau,2007,62
assgp,2007,9
assyr,2007,89
astha,2007,42
astkm,2007,98
astur,2007,43
asuzb,2007,80
asvnm,2007,77
asyem,2007,114
eualb,2007,79
euaut,2007,7
eubel,2007,18
eubgr,2007,44
eubih,2007,38
eublr,2007,29
euche,2007,3
eucze,2007,11
eudeu,2007,2
eudnk,2007,14
euesp,2007,23
euest,2007,28
eufin,2007,5
eufra,2007,12
eugbr,2007,6
eugrc,2007,48
euhrv,2007,25
euhun,2007,15
euirl,2007,17
euita,2007,16
eultu,2007,40
eulva,2007,36
eumda,2007,60
eumkd,2007,64
eunld,2007,20
eunor,2007,32
eupol,2007,24
euprt,2007,33
eurou,2007,31
eurus,2007,41
eusrb,2007,30
eusvk,2007,19
eusvn,2007,13
euswe,2007,4
euukr,2007,35
nacan,2007,26
nacri,2007,58
nadom,2007,69
nagtm,2007,70
nahnd,2007,86
najam,2007,73
namex,2007,22
nanic,2007,97
napan,2007,47
naslv,2007,67
natto,2007,63
nausa,2007,8
ocaus,2007,65
ocnzl,2007,45
saarg,2007,53
sabol,2007,93
sabra,2007,37
sachl,2007,66
sacol,2007,55
saecu,2007,92
saper,2007,85
sapry,2007,84
saury,2007,54
saven,2007,75
afago,2008,120
afbwa,2008,79
afciv,2008,111
afcmr,2008,116
afcod,2008,108
afcog,2008,118
afdza,2008,105
afegy,2008,67
afeth,2008,113
afgab,2008,92
afgha,2008,104
afgin,2008,115
afken,2008,80
afmar,2008,75
afmdg,2008,101
afmoz,2008,112
afmrt,2008,117
afnam,2008,88
afnga,2008,121
afsdn,2008,119
afsen,2008,98
aftgo,2008,93
aftun,2008,57
aftza,2008,109
afzaf,2008,53
afzmb,2008,100
afzwe,2008,76
asare,2008,62
asaze,2008,103
asbgd,2008,99
aschn,2008,28
asgeo,2008,78
ashkg,2008,35
asidn,2008,59
asind,2008,49
asirn,2008,106
asisr,2008,20
asjor,2008,56
asjpn,2008,1
askaz,2008,77
askhm,2008,107
askor,2008,10
askwt,2008,83
aslao,2008,97
aslbn,2008,44
aslka,2008,73
asmmr,2008,110
asmng,2008,102
asmys,2008,30
asomn,2008,74
aspak,2008,81
asphl,2008,50
asqat,2008,71
assau,2008,84
assgp,2008,11
assyr,2008,82
astha,2008,40
astkm,2008,96
astur,2008,42
asuzb,2008,72
asvnm,2008,70
asyem,2008,114
eualb,2008,52
euaut,2008,6
eubel,2008,19
eubgr,2008,41
eubih,2008,38
eublr,2008,31
euche,2008,3
eucze,2008,9
eudeu,2008,2
eudnk,2008,16
euesp,2008,24
euest,2008,29
eufin,2008,5
eufra,2008,12
eugbr,2008,7
eugrc,2008,51
euhrv,2008,25
euhun,2008,14
euirl,2008,15
euita,2008,17
eultu,2008,36
eulva,2008,34
eumda,2008,60
eumkd,2008,65
eunld,2008,21
eunor,2008,37
eupol,2008,23
euprt,2008,32
eurou,2008,27
eurus,2008,47
eusrb,2008,33
eusvk,2008,18
eusvn,2008,13
euswe,2008,4
euukr,2008,39
nacan,2008,26
nacri,2008,55
nadom,2008,66
nagtm,2008,63
nahnd,2008,86
najam,2008,64
namex,2008,22
nanic,2008,91
napan,2008,45
naslv,2008,61
natto,2008,89
nausa,2008,8
ocaus,2008,68
ocnzl,2008,46
saarg,2008,54
sabol,2008,94
sabra,2008,43
sachl,2008,69
sacol,2008,48
saecu,2008,95
saper,2008,87
sapry,2008,85
saury,2008,58
saven,2008,90
afago,2009,119
afbwa,2009,53
afciv,2009,113
afcmr,2009,115
afcod,2009,109
afcog,2009,117
afdza,2009,107
afegy,2009,70
afeth,2009,112
afgab,2009,92
afgha,2009,100
afgin,2009,116
afken,2009,83
afmar,2009,80
afmdg,2009,102
afmoz,2009,111
afmrt,2009,118
afnam,2009,78
afnga,2009,121
afsdn,2009,120
afsen,2009,103
aftgo,2009,94
aftun,2009,59
aftza,2009,104
afzaf,2009,57
afzmb,2009,106
afzwe,2009,88
asare,2009,63
asaze,2009,108
asbgd,2009,98
aschn,2009,26
asgeo,2009,72
ashkg,2009,41
asidn,2009,61
asind,2009,54
asirn,2009,105
asisr,2009,19
asjor,2009,48
asjpn,2009,1
askaz,2009,74
askhm,2009,101
askor,2009,11
askwt,2009,85
aslao,2009,99
aslbn,2009,45
aslka,2009,76
asmmr,2009,110
asmng,2009,97
asmys,2009,33
asomn,2009,75
aspak,2009,84
asphl,2009,52
asqat,2009,66
assau,2009,77
assgp,2009,8
assyr,2009,81
astha,2009,34
astkm,2009,93
astur,2009,42
asuzb,2009,79
asvnm,2009,73
asyem,2009,114
eualb,2009,37
euaut,2009,6
eubel,2009,20
eubgr,2009,44
eubih,2009,39
eublr,2009,31
euche,2009,2
eucze,2009,9
eudeu,2009,3
eudnk,2009,17
euesp,2009,23
euest,2009,27
eufin,2009,5
eufra,2009,12
eugbr,2009,7
eugrc,2009,47
euhrv,2009,25
euhun,2009,16
euirl,2009,14
euita,2009,15
eultu,2009,40
eulva,2009,35
eumda,2009,60
eumkd,2009,64
eunld,2009,21
eunor,2009,36
eupol,2009,22
euprt,2009,29
eurou,2009,30
eurus,2009,49
eusrb,2009,32
eusvk,2009,18
eusvn,2009,13
euswe,2009,4
euukr,2009,38
nacan,2009,28
nacri,2009,55
nadom,2009,69
nagtm,2009,65
nahnd,2009,91
najam,2009,67
namex,2009,24
nanic,2009,90
napan,2009,43
naslv,2009,62
natto,2009,86
nausa,2009,10
ocaus,2009,71
ocnzl,2009,50
saarg,2009,58
sabol,2009,95
sabra,2009,46
sachl,2009,68
sacol,2009,51
saecu,2009,96
saper,2009,89
sapry,2009,82
saury,2009,56
saven,2009,87
afago,2010,120
afbwa,2010,58
afciv,2010,113
afcmr,2010,115
afcod,2010,103
afcog,2010,116
afdza,2010,109
afegy,2010,69
afeth,2010,111
afgab,2010,106
afgha,2010,108
afgin,2010,119
afken,2010,79
afmar,2010,84
afmdg,2010,99
afmoz,2010,112
afmrt,2010,117
afnam,2010,83
afnga,2010,121
afsdn,2010,118
afsen,2010,107
aftgo,2010,95
aftun,2010,59
aftza,2010,104
afzaf,2010,55
afzmb,2010,98
afzwe,2010,93
asare,2010,61
asaze,2010,105
asbgd,2010,97
aschn,2010,26
asgeo,2010,73
ashkg,2010,41
asidn,2010,65
asind,2010,56
asirn,2010,100
asisr,2010,21
asjor,2010,47
asjpn,2010,1
askaz,2010,80
askhm,2010,101
askor,2010,8
askwt,2010,72
aslao,2010,96
aslbn,2010,45
aslka,2010,78
asmmr,2010,110
asmng,2010,102
asmys,2010,36
asomn,2010,68
aspak,2010,86
asphl,2010,49
asqat,2010,74
assau,2010,52
assgp,2010,7
assyr,2010,82
astha,2010,27
astkm,2010,92
astur,2010,44
asuzb,2010,77
asvnm,2010,75
asyem,2010,114
eualb,2010,38
euaut,2010,5
eubel,2010,19
eubgr,2010,42
eubih,2010,37
eublr,2010,32
euche,2010,2
eucze,2010,10
eudeu,2010,3
eudnk,2010,18
euesp,2010,23
euest,2010,29
eufin,2010,6
eufra,2010,12
eugbr,2010,9
eugrc,2010,48
euhrv,2010,25
euhun,2010,13
euirl,2010,17
euita,2010,16
eultu,2010,39
eulva,2010,34
eumda,2010,62
eumkd,2010,64
eunld,2010,20
eunor,2010,33
eupol,2010,22
euprt,2010,28
eurou,2010,31
eurus,2010,53
eusrb,2010,35
eusvk,2010,15
eusvn,2010,14
euswe,2010,4
euukr,2010,40
nacan,2010,30
nacri,2010,57
nadom,2010,70
nagtm,2010,67
nahnd,2010,89
najam,2010,66
namex,2010,24
nanic,2010,91
napan,2010,43
naslv,2010,63
natto,2010,81
nausa,2010,11
ocaus,2010,76
ocnzl,2010,54
saarg,2010,60
sabol,2010,94
sabra,2010,46
sachl,2010,71
sacol,2010,51
saecu,2010,90
saper,2010,88
sapry,2010,85
saury,2010,50
saven,2010,87
afago,2011,121
afbwa,2011,72
afciv,2011,108
afcmr,2011,83
afcod,2011,105
afcog,2011,110
afdza,2011,114
afegy,2011,69
afeth,2011,112
afgab,2011,93
afgha,2011,104
afgin,2011,118
afken,2011,82
afmar,2011,77
afmdg,2011,94
afmoz,2011,115
afmrt,2011,119
afnam,2011,81
afnga,2011,117
afsdn,2011,120
afsen,2011,91
aftgo,2011,95
aftun,2011,47
aftza,2011,100
afzaf,2011,57
afzmb,2011,88
afzwe,2011,98
asare,2011,55
asaze,2011,116
asbgd,2011,106
aschn,2011,27
asgeo,2011,64
ashkg,2011,29
asidn,2011,63
asind,2011,50
asirn,2011,101
asisr,2011,18
asjor,2011,49
asjpn,2011,1
askaz,2011,96
askhm,2011,109
askor,2011,7
askwt,2011,70
aslao,2011,103
aslbn,2011,45
aslka,2011,76
asmmr,2011,113
asmng,2011,107
asmys,2011,30
asomn,2011,75
aspak,2011,89
asphl,2011,44
asqat,2011,74
assau,2011,61
assgp,2011,9
assyr,2011,85
astha,2011,28
astkm,2011,102
astur,2011,43
asuzb,2011,79
asvnm,2011,67
asyem,2011,111
eualb,2011,46
euaut,2011,5
eubel,2011,20
eubgr,2011,42
eubih,2011,37
eublr,2011,26
euche,2011,2
eucze,2011,8
eudeu,2011,3
eudnk,2011,17
euesp,2011,23
euest,2011,31
eufin,2011,6
eufra,2011,14
eugbr,2011,10
eugrc,2011,53
euhrv,2011,25
euhun,2011,11
euirl,2011,19
euita,2011,16
eultu,2011,34
eulva,2011,36
eumda,2011,54
eumkd,2011,65
eunld,2011,24
eunor,2011,39
eupol,2011,21
euprt,2011,33
eurou,2011,32
eurus,2011,58
eusrb,2011,38
eusvk,2011,15
eusvn,2011,13
euswe,2011,4
euukr,2011,41
nacan,2011,40
nacri,2011,56
nadom,2011,68
nagtm,2011,73
nahnd,2011,86
najam,2011,66
namex,2011,22
nanic,2011,97
napan,2011,35
naslv,2011,62
natto,2011,80
nausa,2011,12
ocaus,2011,78
ocnzl,2011,52
saarg,2011,60
sabol,2011,99
sabra,2011,48
sachl,2011,71
sacol,2011,59
saecu,2011,90
saper,2011,87
sapry,2011,84
saury,2011,51
saven,2011,92
afago,2012,119
afbwa,2012,79
afciv,2012,103
afcmr,2012,81
afcod,2012,110
afcog,2012,105
afdza,2012,114
afegy,2012,69
afeth,2012,108
afgab,2012,112
afgha,2012,101
afgin,2012,117
afken,2012,82
afmar,2012,80
afmdg,2012,88
afmoz,2012,109
afmrt,2012,118
afnam,2012,66
afnga,2012,115
afsdn,2012,116
afsen,2012,84
aftgo,2012,92
aftun,2012,45
aftza,2012,89
afzaf,2012,59
afzmb,2012,83
afzwe,2012,100
asare,2012,57
asaze,2012,113
asbgd,2012,98
aschn,2012,22
asgeo,2012,65
ashkg,2012,20
asidn,2012,61
asind,2012,51
asirn,2012,97
asisr,2012,17
asjor,2012,48
asjpn,2012,1
askaz,2012,93
askhm,2012,99
askor,2012,8
askwt,2012,75
aslao,2012,102
aslbn,2012,46
aslka,2012,72
asmng,2012,111
asmys,2012,27
asomn,2012,91
aspak,2012,94
asphl,2012,44
asqat,2012,73
assau,2012,60
assgp,2012,6
astha,2012,23
astkm,2012,104
astur,2012,43
asuzb,2012,78
asvnm,2012,62
asyem,2012,107
eualb,2012,76
euaut,2012,5
eubel,2012,21
eubgr,2012,41
eubih,2012,39
eublr,2012,30
euche,2012,2
eucze,2012,7
eudeu,2012,3
eudnk,2012,19
euesp,2012,29
euest,2012,31
eufin,2012,9
eufra,2012,14
eugbr,2012,11
eugrc,2012,58
euhrv,2012,26
euhun,2012,10
euirl,2012,18
euita,2012,16
eultu,2012,33
eulva,2012,37
eumda,2012,52
eumkd,2012,63
eunld,2012,28
eunor,2012,36
eupol,2012,24
euprt,2012,35
eurou,2012,34
eurus,2012,53
eusrb,2012,38
eusvk,2012,15
eusvn,2012,13
euswe,2012,4
euukr,2012,42
nacan,2012,40
nacri,2012,47
nadom,2012,67
nagtm,2012,68
nahnd,2012,74
najam,2012,71
namex,2012,25
nanic,2012,87
napan,2012,32
naslv,2012,56
natto,2012,96
nausa,2012,12
ocaus,2012,77
ocnzl,2012,49
saarg,2012,64
sabol,2012,95
sabra,2012,50
sachl,2012,70
sacol,2012,54
saecu,2012,86
saper,2012,90
sapry,2012,85
saury,2012,55
saven,2012,106
afbwa,2013,74
afciv,2013,97
afcmr,2013,80
afcog,2013,78
afdza,2013,110
afegy,2013,69
afeth,2013,105
afgha,2013,102
afken,2013,75
afmar,2013,83
afmdg,2013,85
afmoz,2013,101
afnam,2013,62
afnga,2013,108
afsdn,2013,109
afsen,2013,82
aftgo,2013,77
aftun,2013,45
aftza,2013,88
afzaf,2013,57
afzmb,2013,81
afzwe,2013,96
asare,2013,51
asaze,2013,104
asbgd,2013,100
aschn,2013,20
asgeo,2013,66
ashkg,2013,15
asidn,2013,56
asind,2013,53
asirn,2013,89
asisr,2013,17
asjor,2013,54
asjpn,2013,1
askaz,2013,92
askhm,2013,87
askor,2013,4
askwt,2013,106
aslbn,2013,47
aslka,2013,73
asmng,2013,107
asmys,2013,28
asomn,2013,86
aspak,2013,95
asphl,2013,41
asqat,2013,65
assau,2013,68
assgp,2013,7
astha,2013,23
astur,2013,43
asvnm,2013,59
asyem,2013,103
eualb,2013,79
euaut,2013,6
eubel,2013,22
eubgr,2013,44
eubih,2013,36
eublr,2013,32
euche,2013,2
eucze,2013,9
eudeu,2013,3
eudnk,2013,21
euesp,2013,31
euest,2013,33
eufin,2013,8
eufra,2013,16
eugbr,2013,10
eugrc,2013,58
euhrv,2013,25
euhun,2013,11
euirl,2013,14
euita,2013,19
eultu,2013,34
eulva,2013,37
eumda,2013,50
eumkd,2013,61
eunld,2013,26
eunor,2013,35
eupol,2013,27
euprt,2013,38
eurou,2013,29
eurus,2013,48
eusrb,2013,40
eusvk,2013,18
eusvn,2013,13
euswe,2013,5
euukr,2013,42
nacan,2013,39
nacri,2013,46
nadom,2013,64
nagtm,2013,72
nahnd,2013,67
najam,2013,76
namex,2013,24
nanic,2013,91
napan,2013,30
naslv,2013,55
nausa,2013,12
ocaus,2013,84
ocnzl,2013,52
saarg,2013,70
sabol,2013,99
sabra,2013,49
sachl,2013,71
sacol,2013,60
saecu,2013,98
saper,2013,94
sapry,2013,93
saury,2013,63
saven,2013,90
afbwa,2014,84
afciv,2014,96
afcmr,2014,87
afcog,2014,81
afdza,2014,104
afegy,2014,61
afeth,2014,102
afgha,2014,100
afgin,2014,107
afken,2014,73
afmar,2014,78
afmdg,2014,85
afmoz,2014,98
afnam,2014,67
afnga,2014,103
afsdn,2014,106
afsen,2014,79
aftgo,2014,71
aftun,2014,44
aftza,2014,94
afzaf,2014,58
afzmb,2014,76
afzwe,2014,88
asare,2014,63
asaze,2014,105
aschn,2014,18
asgeo,2014,70
ashkg,2014,13
asidn,2014,51
asind,2014,49
asisr,2014,20
asjor,2014,48
asjpn,2014,1
askaz,2014,93
askhm,2014,80
askor,2014,3
askwt,2014,86
aslbn,2014,45
aslka,2014,64
asmng,2014,101
asmys,2014,27
asomn,2014,82
aspak,2014,90
asphl,2014,37
asqat,2014,60
assau,2014,65
assgp,2014,5
astha,2014,21
astur,2014,40
asvnm,2014,54
eualb,2014,75
euaut,2014,6
eubel,2014,24
eubgr,2014,42
eubih,2014,35
eublr,2014,31
euche,2014,2
eucze,2014,8
eudeu,2014,4
eudnk,2014,22
euesp,2014,32
euest,2014,30
eufin,2014,9
eufra,2014,19
eugbr,2014,11
eugrc,2014,56
euhrv,2014,26
euhun,2014,12
euirl,2014,16
euita,2014,15
eultu,2014,34
eulva,2014,38
eumda,2014,52
eumkd,2014,59
eunld,2014,29
eunor,2014,33
eupol,2014,25
euprt,2014,36
eurou,2014,28
eurus,2014,47
eusrb,2014,41
eusvk,2014,17
eusvn,2014,10
euswe,2014,7
euukr,2014,43
nacan,2014,39
nacri,2014,46
nadom,2014,68
nagtm,2014,69
nahnd,2014,66
najam,2014,83
namex,2014,23
nanic,2014,92
napan,2014,77
naslv,2014,50
nausa,2014,14
ocaus,2014,89
ocnzl,2014,53
saarg,2014,72
sabol,2014,97
sabra,2014,55
sachl,2014,74
sacol,2014,57
saecu,2014,99
saper,2014,91
sapry,2014,95
saury,2014,62
afbwa,2015,86
afciv,2015,96
afcmr,2015,92
afcog,2015,84
afdza,2015,105
afegy,2015,61
afeth,2015,103
afgha,2015,98
afgin,2015,106
afken,2015,76
afmar,2015,81
afmdg,2015,89
afmoz,2015,97
afnam,2015,65
afnga,2015,107
afsdn,2015,108
afsen,2015,85
aftgo,2015,64
aftun,2015,44
aftza,2015,93
afzaf,2015,55
afzmb,2015,75
afzwe,2015,88
asare,2015,59
asaze,2015,104
aschn,2015,19
asgeo,2015,68
ashkg,2015,12
asidn,2015,52
asind,2015,46
asisr,2015,20
asjor,2015,48
asjpn,2015,1
askaz,2015,91
askhm,2015,73
askor,2015,3
askwt,2015,83
aslbn,2015,45
aslka,2015,70
asmng,2015,99
asmys,2015,22
asomn,2015,79
aspak,2015,87
asphl,2015,38
asqat,2015,71
assau,2015,62
assgp,2015,5
astha,2015,21
astur,2015,40
asvnm,2015,50
asyem,2015,101
eualb,2015,78
euaut,2015,6
eubel,2015,24
eubgr,2015,41
eubih,2015,35
eublr,2015,31
euche,2015,2
eucze,2015,8
eudeu,2015,4
eudnk,2015,25
euesp,2015,33
euest,2015,30
eufin,2015,9
eufra,2015,18
eugbr,2015,13
eugrc,2015,54
euhrv,2015,29
euhun,2015,10
euirl,2015,15
euita,2015,17
eultu,2015,34
eulva,2015,39
eumda,2015,57
eumkd,2015,63
eunld,2015,26
eunor,2015,32
eupol,2015,27
euprt,2015,36
eurou,2015,28
eurus,2015,49
eusrb,2015,42
eusvk,2015,16
eusvn,2015,11
euswe,2015,7
euukr,2015,43
nacan,2015,37
nacri,2015,47
nadom,2015,69
nagtm,2015,67
nahnd,2015,66
najam,2015,80
namex,2015,23
nanic,2015,95
napan,2015,74
naslv,2015,53
nausa,2015,14
ocaus,2015,82
ocnzl,2015,56
saarg,2015,72
sabol,2015,100
sabra,2015,51
sachl,2015,77
sacol,2015,58
saecu,2015,102
saper,2015,90
sapry,2015,94
saury,2015,60
afbwa,2016,56
afdza,2016,68
afegy,2016,60
afeth,2016,83
afgha,2016,82
afmar,2016,74
afmdg,2016,87
afmli,2016,79
afmrt,2016,80
afmus,2016,69
afnam,2016,56
afsen,2016,70
aftun,2016,57
aftza,2016,81
afzaf,2016,42
afzwe,2016,72
asare,2016,41
asarm,2016,64
asbhr,2016,48
aschn,2016,28
asgeo,2016,52
ashkg,2016,31
asidn,2016,58
asind,2016,37
asisr,2016,15
asjor,2016,55
asjpn,2016,1
askaz,2016,39
askgz,2016,54
askhm,2016,84
askor,2016,5
aslao,2016,85
aslka,2016,78
asmmr,2016,86
asmng,2016,73
asmys,2016,21
asomn,2016,53
aspak,2016,77
asphl,2016,35
assgp,2016,6
astur,2016,44
asvnm,2016,67
eualb,2016,71
eubel,2016,56
eubgr,2016,36
eubih,2016,34
eublr,2016,25
euche,2016,2
eucze,2016,8
eudeu,2016,3
eudnk,2016,14
euesp,2016,24
euest,2016,23
eufra,2016,12
eugbr,2016,9
eugrc,2016,46
euhrv,2016,27
euhun,2016,10
euirl,2016,11
euita,2016,18
eultu,2016,29
eulva,2016,26
eumda,2016,65
eumkd,2016,59
eunor,2016,19
eupol,2016,20
euprt,2016,40
eurus,2016,22
eusrb,2016,32
eusvk,2016,13
euswe,2016,4
nacan,2016,17
nacri,2016,38
nadom,2016,63
najam,2016,62
namex,2016,16
napan,2016,50
naslv,2016,61
nausa,2016,7
ocaus,2016,49
ocnzl,2016,33
saarg,2016,45
sabra,2016,30
sachl,2016,51
sacol,2016,47
saecu,2016,75
saper,2016,66
sapry,2016,76
saury,2016,43
